999
DXF output created by QuikGrid.
  0
SECTION
  2
ENTITIES
  0
POLYLINE
  8
CONTOUR103_25
 66
     1
 70
     8
  0
VERTEX
  8
CONTOUR103_25
 10
79.4927179923
 20
16.6900962522
 30
103.25
 70
    32
  0
VERTEX
  8
CONTOUR103_25
 10
79.4926848743
 20
16.6900875107
 30
103.25
 70
    32
  0
VERTEX
  8
CONTOUR103_25
 10
79.4926728059
 20
16.6900894184
 30
103.25
 70
    32
  0
VERTEX
  8
CONTOUR103_25
 10
79.4926379923
 20
16.6900845121
 30
103.25
 70
    32
  0
VERTEX
  8
CONTOUR103_25
 10
79.4926233119
 20
16.6900667685
 30
103.25
 70
    32
  0
VERTEX
  8
CONTOUR103_25
 10
79.492617884
 20
16.6900502529
 30
103.25
 70
    32
  0
VERTEX
  8
CONTOUR103_25
 10
79.4926210571
 20
16.6900312008
 30
103.25
 70
    32
  0
VERTEX
  8
CONTOUR103_25
 10
79.4926379923
 20
16.6899872005
 30
103.25
 70
    32
  0
VERTEX
  8
CONTOUR103_25
 10
79.4926583151
 20
16.6899831161
 30
103.25
 70
    32
  0
VERTEX
  8
CONTOUR103_25
 10
79.4926811027
 20
16.6899602529
 30
103.25
 70
    32
  0
SEQEND
  8
CONTOUR103_25
  0
POLYLINE
  8
CONTOUR103_375
 66
     1
 70
     8
  0
VERTEX
  8
CONTOUR103_375
 10
79.4927179923
 20
16.6901683879
 30
103.375
 70
    32
  0
VERTEX
  8
CONTOUR103_375
 10
79.4926949855
 20
16.6901661355
 30
103.375
 70
    32
  0
VERTEX
  8
CONTOUR103_375
 10
79.4926482772
 20
16.6901402529
 30
103.375
 70
    32
  0
VERTEX
  8
CONTOUR103_375
 10
79.4926412672
 20
16.6901365686
 30
103.375
 70
    32
  0
VERTEX
  8
CONTOUR103_375
 10
79.4926379923
 20
16.6901361071
 30
103.375
 70
    32
  0
VERTEX
  8
CONTOUR103_375
 10
79.4926012027
 20
16.6900916412
 30
103.375
 70
    32
  0
VERTEX
  8
CONTOUR103_375
 10
79.4925876003
 20
16.6900502529
 30
103.375
 70
    32
  0
VERTEX
  8
CONTOUR103_375
 10
79.4925944272
 20
16.6900092636
 30
103.375
 70
    32
  0
VERTEX
  8
CONTOUR103_375
 10
79.4925945619
 20
16.6900013937
 30
103.375
 70
    32
  0
VERTEX
  8
CONTOUR103_375
 10
79.4926049883
 20
16.6899602529
 30
103.375
 70
    32
  0
SEQEND
  8
CONTOUR103_375
  0
POLYLINE
  8
CONTOUR103_5
 66
     1
 70
     8
  0
VERTEX
  8
CONTOUR103_5
 10
79.4927179923
 20
16.6902200436
 30
103.5
 70
    32
  0
VERTEX
  8
CONTOUR103_5
 10
79.4927080524
 20
16.6902190705
 30
103.5
 70
    32
  0
VERTEX
  8
CONTOUR103_5
 10
79.4926688548
 20
16.6902302529
 30
103.5
 70
    32
  0
VERTEX
  8
CONTOUR103_5
 10
79.4926422045
 20
16.6902349917
 30
103.5
 70
    32
  0
VERTEX
  8
CONTOUR103_5
 10
79.4926379923
 20
16.6902350998
 30
103.5
 70
    32
  0
VERTEX
  8
CONTOUR103_5
 10
79.49263484
 20
16.6902337992
 30
103.5
 70
    32
  0
VERTEX
  8
CONTOUR103_5
 10
79.4926283216
 20
16.6902302529
 30
103.5
 70
    32
  0
VERTEX
  8
CONTOUR103_5
 10
79.4926013671
 20
16.6901890495
 30
103.5
 70
    32
  0
VERTEX
  8
CONTOUR103_5
 10
79.4925984837
 20
16.6901847
 30
103.5
 70
    32
  0
VERTEX
  8
CONTOUR103_5
 10
79.4925714971
 20
16.6901402529
 30
103.5
 70
    32
  0
VERTEX
  8
CONTOUR103_5
 10
79.4925651652
 20
16.6901321834
 30
103.5
 70
    32
  0
VERTEX
  8
CONTOUR103_5
 10
79.4925579923
 20
16.6900598551
 30
103.5
 70
    32
  0
VERTEX
  8
CONTOUR103_5
 10
79.4925568641
 20
16.6900515222
 30
103.5
 70
    32
  0
VERTEX
  8
CONTOUR103_5
 10
79.4925566977
 20
16.6900502529
 30
103.5
 70
    32
  0
VERTEX
  8
CONTOUR103_5
 10
79.4925565394
 20
16.6900486184
 30
103.5
 70
    32
  0
VERTEX
  8
CONTOUR103_5
 10
79.4925579923
 20
16.6900026393
 30
103.5
 70
    32
  0
VERTEX
  8
CONTOUR103_5
 10
79.4925587044
 20
16.689961054
 30
103.5
 70
    32
  0
VERTEX
  8
CONTOUR103_5
 10
79.4925589074
 20
16.6899602529
 30
103.5
 70
    32
  0
SEQEND
  8
CONTOUR103_5
  0
POLYLINE
  8
CONTOUR103_625
 66
     1
 70
     8
  0
VERTEX
  8
CONTOUR103_625
 10
79.4927179923
 20
16.6902711297
 30
103.625
 70
    32
  0
VERTEX
  8
CONTOUR103_625
 10
79.4926805429
 20
16.6902723833
 30
103.625
 70
    32
  0
VERTEX
  8
CONTOUR103_625
 10
79.4926761379
 20
16.6902731666
 30
103.625
 70
    32
  0
VERTEX
  8
CONTOUR103_625
 10
79.4926379923
 20
16.6902741454
 30
103.625
 70
    32
  0
VERTEX
  8
CONTOUR103_625
 10
79.4926094454
 20
16.6902623681
 30
103.625
 70
    32
  0
VERTEX
  8
CONTOUR103_625
 10
79.4925650871
 20
16.6902382345
 30
103.625
 70
    32
  0
VERTEX
  8
CONTOUR103_625
 10
79.4925579923
 20
16.69023476
 30
103.625
 70
    32
  0
VERTEX
  8
CONTOUR103_625
 10
79.4925552077
 20
16.6902333854
 30
103.625
 70
    32
  0
VERTEX
  8
CONTOUR103_625
 10
79.4925499822
 20
16.6902302529
 30
103.625
 70
    32
  0
VERTEX
  8
CONTOUR103_625
 10
79.4925408197
 20
16.6902109339
 30
103.625
 70
    32
  0
VERTEX
  8
CONTOUR103_625
 10
79.4925234784
 20
16.690179081
 30
103.625
 70
    32
  0
VERTEX
  8
CONTOUR103_625
 10
79.4925103932
 20
16.6901402529
 30
103.625
 70
    32
  0
VERTEX
  8
CONTOUR103_625
 10
79.4925061997
 20
16.6901085195
 30
103.625
 70
    32
  0
VERTEX
  8
CONTOUR103_625
 10
79.4925022407
 20
16.6900775325
 30
103.625
 70
    32
  0
VERTEX
  8
CONTOUR103_625
 10
79.4924986667
 20
16.6900502529
 30
103.625
 70
    32
  0
VERTEX
  8
CONTOUR103_625
 10
79.4924966352
 20
16.6900292795
 30
103.625
 70
    32
  0
VERTEX
  8
CONTOUR103_625
 10
79.4924792877
 20
16.6899617103
 30
103.625
 70
    32
  0
VERTEX
  8
CONTOUR103_625
 10
79.4924790919
 20
16.6899602529
 30
103.625
 70
    32
  0
SEQEND
  8
CONTOUR103_625
  0
POLYLINE
  8
CONTOUR103_75
 66
     1
 70
     8
  0
VERTEX
  8
CONTOUR103_75
 10
79.4927179923
 20
16.6903222755
 30
103.75
 70
    32
  0
VERTEX
  8
CONTOUR103_75
 10
79.4927164675
 20
16.6903219684
 30
103.75
 70
    32
  0
VERTEX
  8
CONTOUR103_75
 10
79.4927047822
 20
16.6903202529
 30
103.75
 70
    32
  0
VERTEX
  8
CONTOUR103_75
 10
79.4926444161
 20
16.6903130261
 30
103.75
 70
    32
  0
VERTEX
  8
CONTOUR103_75
 10
79.4926379923
 20
16.6903131909
 30
103.75
 70
    32
  0
VERTEX
  8
CONTOUR103_75
 10
79.49262808
 20
16.6903091016
 30
103.75
 70
    32
  0
VERTEX
  8
CONTOUR103_75
 10
79.4925822339
 20
16.6902929811
 30
103.75
 70
    32
  0
VERTEX
  8
CONTOUR103_75
 10
79.4925579923
 20
16.6902811094
 30
103.75
 70
    32
  0
VERTEX
  8
CONTOUR103_75
 10
79.4925265733
 20
16.6902655991
 30
103.75
 70
    32
  0
VERTEX
  8
CONTOUR103_75
 10
79.4924898347
 20
16.6902435757
 30
103.75
 70
    32
  0
VERTEX
  8
CONTOUR103_75
 10
79.4924779922
 20
16.6902369117
 30
103.75
 70
    32
  0
VERTEX
  8
CONTOUR103_75
 10
79.4924757091
 20
16.6902328213
 30
103.75
 70
    32
  0
VERTEX
  8
CONTOUR103_75
 10
79.4924742716
 20
16.6902302529
 30
103.75
 70
    32
  0
VERTEX
  8
CONTOUR103_75
 10
79.4924735645
 20
16.6902252717
 30
103.75
 70
    32
  0
VERTEX
  8
CONTOUR103_75
 10
79.4924657529
 20
16.6901540221
 30
103.75
 70
    32
  0
VERTEX
  8
CONTOUR103_75
 10
79.4924636215
 20
16.6901402529
 30
103.75
 70
    32
  0
VERTEX
  8
CONTOUR103_75
 10
79.4924536924
 20
16.6901129155
 30
103.75
 70
    32
  0
VERTEX
  8
CONTOUR103_75
 10
79.4924503694
 20
16.6900813286
 30
103.75
 70
    32
  0
VERTEX
  8
CONTOUR103_75
 10
79.4924173247
 20
16.6900502529
 30
103.75
 70
    32
  0
VERTEX
  8
CONTOUR103_75
 10
79.4924117083
 20
16.6900348224
 30
103.75
 70
    32
  0
VERTEX
  8
CONTOUR103_75
 10
79.4923979922
 20
16.6899978921
 30
103.75
 70
    32
  0
VERTEX
  8
CONTOUR103_75
 10
79.492395211
 20
16.6899633817
 30
103.75
 70
    32
  0
VERTEX
  8
CONTOUR103_75
 10
79.4923947095
 20
16.6899602529
 30
103.75
 70
    32
  0
VERTEX
  8
CONTOUR103_75
 10
79.4923956622
 20
16.6899576317
 30
103.75
 70
    32
  0
VERTEX
  8
CONTOUR103_75
 10
79.4923979922
 20
16.6899539494
 30
103.75
 70
    32
  0
VERTEX
  8
CONTOUR103_75
 10
79.4924080853
 20
16.6899488982
 30
103.75
 70
    32
  0
VERTEX
  8
CONTOUR103_75
 10
79.4924502721
 20
16.6899290677
 30
103.75
 70
    32
  0
VERTEX
  8
CONTOUR103_75
 10
79.4924779922
 20
16.6899137753
 30
103.75
 70
    32
  0
SEQEND
  8
CONTOUR103_75
  0
POLYLINE
  8
CONTOUR103_875
 66
     1
 70
     8
  0
VERTEX
  8
CONTOUR103_875
 10
79.4927179923
 20
16.6903788172
 30
103.875
 70
    32
  0
VERTEX
  8
CONTOUR103_875
 10
79.4926839548
 20
16.6903719607
 30
103.875
 70
    32
  0
VERTEX
  8
CONTOUR103_875
 10
79.4926741227
 20
16.6903696061
 30
103.875
 70
    32
  0
VERTEX
  8
CONTOUR103_875
 10
79.4926379923
 20
16.6903629037
 30
103.875
 70
    32
  0
VERTEX
  8
CONTOUR103_875
 10
79.4926043708
 20
16.6903580771
 30
103.875
 70
    32
  0
VERTEX
  8
CONTOUR103_875
 10
79.4925779966
 20
16.6903427577
 30
103.875
 70
    32
  0
VERTEX
  8
CONTOUR103_875
 10
79.4925579923
 20
16.6903368644
 30
103.875
 70
    32
  0
VERTEX
  8
CONTOUR103_875
 10
79.4925516248
 20
16.6903274162
 30
103.875
 70
    32
  0
VERTEX
  8
CONTOUR103_875
 10
79.4925410226
 20
16.6903202529
 30
103.875
 70
    32
  0
VERTEX
  8
CONTOUR103_875
 10
79.4924960691
 20
16.6902999164
 30
103.875
 70
    32
  0
VERTEX
  8
CONTOUR103_875
 10
79.4924779922
 20
16.6902897444
 30
103.875
 70
    32
  0
VERTEX
  8
CONTOUR103_875
 10
79.4924575945
 20
16.6902532003
 30
103.875
 70
    32
  0
VERTEX
  8
CONTOUR103_875
 10
79.4924447516
 20
16.6902302529
 30
103.875
 70
    32
  0
VERTEX
  8
CONTOUR103_875
 10
79.4924384342
 20
16.6901857501
 30
103.875
 70
    32
  0
VERTEX
  8
CONTOUR103_875
 10
79.4924383372
 20
16.6901848649
 30
103.875
 70
    32
  0
VERTEX
  8
CONTOUR103_875
 10
79.4924314315
 20
16.6901402529
 30
103.875
 70
    32
  0
VERTEX
  8
CONTOUR103_875
 10
79.4924217315
 20
16.6901135463
 30
103.875
 70
    32
  0
VERTEX
  8
CONTOUR103_875
 10
79.4923979922
 20
16.6900892663
 30
103.875
 70
    32
  0
VERTEX
  8
CONTOUR103_875
 10
79.4923870201
 20
16.6900625966
 30
103.875
 70
    32
  0
VERTEX
  8
CONTOUR103_875
 10
79.4923827957
 20
16.6900502529
 30
103.875
 70
    32
  0
VERTEX
  8
CONTOUR103_875
 10
79.4923800112
 20
16.6900300243
 30
103.875
 70
    32
  0
VERTEX
  8
CONTOUR103_875
 10
79.4923763505
 20
16.6899845998
 30
103.875
 70
    32
  0
VERTEX
  8
CONTOUR103_875
 10
79.4923724481
 20
16.6899602529
 30
103.875
 70
    32
  0
VERTEX
  8
CONTOUR103_875
 10
79.4923798612
 20
16.6899398555
 30
103.875
 70
    32
  0
VERTEX
  8
CONTOUR103_875
 10
79.4923979922
 20
16.6899112021
 30
103.875
 70
    32
  0
VERTEX
  8
CONTOUR103_875
 10
79.4924231846
 20
16.6898985944
 30
103.875
 70
    32
  0
VERTEX
  8
CONTOUR103_875
 10
79.4924720847
 20
16.6898702529
 30
103.875
 70
    32
  0
VERTEX
  8
CONTOUR103_875
 10
79.4924732581
 20
16.689864927
 30
103.875
 70
    32
  0
VERTEX
  8
CONTOUR103_875
 10
79.4924677287
 20
16.6897917995
 30
103.875
 70
    32
  0
VERTEX
  8
CONTOUR103_875
 10
79.492469201
 20
16.6897802529
 30
103.875
 70
    32
  0
SEQEND
  8
CONTOUR103_875
  0
POLYLINE
  8
CONTOUR104
 66
     1
 70
     8
 39
1.95400004304e-06
 40
1.95400004304e-06
 41
1.95400004304e-06
  0
VERTEX
  8
CONTOUR104
 10
79.4927179923
 20
16.690460934
 30
104
 70
    32
 39
1.95400004304e-06
 40
1.95400004304e-06
 41
1.95400004304e-06
  0
VERTEX
  8
CONTOUR104
 10
79.4926906163
 20
16.6904410508
 30
104
 70
    32
 39
1.95400004304e-06
 40
1.95400004304e-06
 41
1.95400004304e-06
  0
VERTEX
  8
CONTOUR104
 10
79.492650265
 20
16.6904240597
 30
104
 70
    32
 39
1.95400004304e-06
 40
1.95400004304e-06
 41
1.95400004304e-06
  0
SEQEND
  8
CONTOUR104
  0
TEXT
  8
CONTOUR104
 10
79.4925228686
 20
16.6903780863
 30
104
 40
3.90800014429e-05
  1
104
  0
POLYLINE
  8
CONTOUR104
 66
     1
 70
     8
 39
1.95400004304e-06
 40
1.95400004304e-06
 41
1.95400004304e-06
  0
VERTEX
  8
CONTOUR104
 10
79.4925127122
 20
16.6903711929
 30
104
 70
    32
 39
1.95400004304e-06
 40
1.95400004304e-06
 41
1.95400004304e-06
  0
VERTEX
  8
CONTOUR104
 10
79.4925127122
 20
16.6903711929
 30
104
 70
    32
 39
1.95400004304e-06
 40
1.95400004304e-06
 41
1.95400004304e-06
  0
VERTEX
  8
CONTOUR104
 10
79.4924779922
 20
16.6903440444
 30
104
 70
    32
 39
1.95400004304e-06
 40
1.95400004304e-06
 41
1.95400004304e-06
  0
VERTEX
  8
CONTOUR104
 10
79.4924706065
 20
16.6903285619
 30
104
 70
    32
 39
1.95400004304e-06
 40
1.95400004304e-06
 41
1.95400004304e-06
  0
VERTEX
  8
CONTOUR104
 10
79.4924655445
 20
16.6903202529
 30
104
 70
    32
 39
1.95400004304e-06
 40
1.95400004304e-06
 41
1.95400004304e-06
  0
VERTEX
  8
CONTOUR104
 10
79.4924445014
 20
16.6902825756
 30
104
 70
    32
 39
1.95400004304e-06
 40
1.95400004304e-06
 41
1.95400004304e-06
  0
VERTEX
  8
CONTOUR104
 10
79.4924394799
 20
16.6902735793
 30
104
 70
    32
 39
1.95400004304e-06
 40
1.95400004304e-06
 41
1.95400004304e-06
  0
VERTEX
  8
CONTOUR104
 10
79.4924152315
 20
16.6902302529
 30
104
 70
    32
 39
1.95400004304e-06
 40
1.95400004304e-06
 41
1.95400004304e-06
  0
VERTEX
  8
CONTOUR104
 10
79.4924128575
 20
16.6902135295
 30
104
 70
    32
 39
1.95400004304e-06
 40
1.95400004304e-06
 41
1.95400004304e-06
  0
VERTEX
  8
CONTOUR104
 10
79.4923995049
 20
16.6901419546
 30
104
 70
    32
 39
1.95400004304e-06
 40
1.95400004304e-06
 41
1.95400004304e-06
  0
VERTEX
  8
CONTOUR104
 10
79.4923992415
 20
16.6901402529
 30
104
 70
    32
 39
1.95400004304e-06
 40
1.95400004304e-06
 41
1.95400004304e-06
  0
VERTEX
  8
CONTOUR104
 10
79.4923988791
 20
16.6901392552
 30
104
 70
    32
 39
1.95400004304e-06
 40
1.95400004304e-06
 41
1.95400004304e-06
  0
VERTEX
  8
CONTOUR104
 10
79.4923979922
 20
16.6901383481
 30
104
 70
    32
 39
1.95400004304e-06
 40
1.95400004304e-06
 41
1.95400004304e-06
  0
VERTEX
  8
CONTOUR104
 10
79.4923732161
 20
16.6900781259
 30
104
 70
    32
 39
1.95400004304e-06
 40
1.95400004304e-06
 41
1.95400004304e-06
  0
SEQEND
  8
CONTOUR104
  0
TEXT
  8
CONTOUR104
 10
79.4923067637
 20
16.6900223974
 30
104
 40
3.90800014429e-05
  1
104
  0
POLYLINE
  8
CONTOUR104
 66
     1
 70
     8
 39
1.95400004304e-06
 40
1.95400004304e-06
 41
1.95400004304e-06
  0
VERTEX
  8
CONTOUR104
 10
79.4923575513
 20
16.6900057488
 30
104
 70
    32
 39
1.95400004304e-06
 40
1.95400004304e-06
 41
1.95400004304e-06
  0
VERTEX
  8
CONTOUR104
 10
79.4923575513
 20
16.6900057488
 30
104
 70
    32
 39
1.95400004304e-06
 40
1.95400004304e-06
 41
1.95400004304e-06
  0
VERTEX
  8
CONTOUR104
 10
79.492357269
 20
16.6900044394
 30
104
 70
    32
 39
1.95400004304e-06
 40
1.95400004304e-06
 41
1.95400004304e-06
  0
VERTEX
  8
CONTOUR104
 10
79.4923501867
 20
16.6899602529
 30
104
 70
    32
 39
1.95400004304e-06
 40
1.95400004304e-06
 41
1.95400004304e-06
  0
VERTEX
  8
CONTOUR104
 10
79.4923640602
 20
16.6899220795
 30
104
 70
    32
 39
1.95400004304e-06
 40
1.95400004304e-06
 41
1.95400004304e-06
  0
VERTEX
  8
CONTOUR104
 10
79.4923940435
 20
16.6898746952
 30
104
 70
    32
 39
1.95400004304e-06
 40
1.95400004304e-06
 41
1.95400004304e-06
  0
VERTEX
  8
CONTOUR104
 10
79.4923965427
 20
16.6898702529
 30
104
 70
    32
 39
1.95400004304e-06
 40
1.95400004304e-06
 41
1.95400004304e-06
  0
VERTEX
  8
CONTOUR104
 10
79.4923963509
 20
16.6898684063
 30
104
 70
    32
 39
1.95400004304e-06
 40
1.95400004304e-06
 41
1.95400004304e-06
  0
VERTEX
  8
CONTOUR104
 10
79.4923979922
 20
16.6898642695
 30
104
 70
    32
 39
1.95400004304e-06
 40
1.95400004304e-06
 41
1.95400004304e-06
  0
VERTEX
  8
CONTOUR104
 10
79.492421116
 20
16.6898062672
 30
104
 70
    32
 39
1.95400004304e-06
 40
1.95400004304e-06
 41
1.95400004304e-06
  0
VERTEX
  8
CONTOUR104
 10
79.4924244332
 20
16.6897802529
 30
104
 70
    32
 39
1.95400004304e-06
 40
1.95400004304e-06
 41
1.95400004304e-06
  0
SEQEND
  8
CONTOUR104
  0
POLYLINE
  8
CONTOUR104_125
 66
     1
 70
     8
  0
VERTEX
  8
CONTOUR104_125
 10
79.4926391004
 20
16.6905002528
 30
104.125
 70
    32
  0
VERTEX
  8
CONTOUR104_125
 10
79.4926384501
 20
16.6904997378
 30
104.125
 70
    32
  0
VERTEX
  8
CONTOUR104_125
 10
79.4926379923
 20
16.6904994993
 30
104.125
 70
    32
  0
VERTEX
  8
CONTOUR104_125
 10
79.4926372297
 20
16.6904993949
 30
104.125
 70
    32
  0
VERTEX
  8
CONTOUR104_125
 10
79.4925785221
 20
16.6904771568
 30
104.125
 70
    32
  0
VERTEX
  8
CONTOUR104_125
 10
79.4925579923
 20
16.6904754507
 30
104.125
 70
    32
  0
VERTEX
  8
CONTOUR104_125
 10
79.4925203586
 20
16.6904525907
 30
104.125
 70
    32
  0
VERTEX
  8
CONTOUR104_125
 10
79.4924874415
 20
16.6904102528
 30
104.125
 70
    32
  0
VERTEX
  8
CONTOUR104_125
 10
79.4924831854
 20
16.6904044105
 30
104.125
 70
    32
  0
VERTEX
  8
CONTOUR104_125
 10
79.4924779922
 20
16.6904003499
 30
104.125
 70
    32
  0
VERTEX
  8
CONTOUR104_125
 10
79.4924531272
 20
16.6903482261
 30
104.125
 70
    32
  0
VERTEX
  8
CONTOUR104_125
 10
79.4924360855
 20
16.6903202529
 30
104.125
 70
    32
  0
VERTEX
  8
CONTOUR104_125
 10
79.4924213864
 20
16.6902939345
 30
104.125
 70
    32
  0
VERTEX
  8
CONTOUR104_125
 10
79.4923979922
 20
16.6902521598
 30
104.125
 70
    32
  0
VERTEX
  8
CONTOUR104_125
 10
79.4923919929
 20
16.690237002
 30
104.125
 70
    32
  0
VERTEX
  8
CONTOUR104_125
 10
79.4923896777
 20
16.6902302529
 30
104.125
 70
    32
  0
VERTEX
  8
CONTOUR104_125
 10
79.4923879853
 20
16.690218995
 30
104.125
 70
    32
  0
VERTEX
  8
CONTOUR104_125
 10
79.49238058
 20
16.6901598416
 30
104.125
 70
    32
  0
VERTEX
  8
CONTOUR104_125
 10
79.4923774274
 20
16.6901402529
 30
104.125
 70
    32
  0
VERTEX
  8
CONTOUR104_125
 10
79.4923618597
 20
16.6900996039
 30
104.125
 70
    32
  0
VERTEX
  8
CONTOUR104_125
 10
79.4923594123
 20
16.6900936552
 30
104.125
 70
    32
  0
VERTEX
  8
CONTOUR104_125
 10
79.4923445592
 20
16.6900502529
 30
104.125
 70
    32
  0
VERTEX
  8
CONTOUR104_125
 10
79.4923409967
 20
16.6900243727
 30
104.125
 70
    32
  0
VERTEX
  8
CONTOUR104_125
 10
79.4923301103
 20
16.6899738858
 30
104.125
 70
    32
  0
VERTEX
  8
CONTOUR104_125
 10
79.4923279252
 20
16.6899602529
 30
104.125
 70
    32
  0
VERTEX
  8
CONTOUR104_125
 10
79.4923347956
 20
16.6899413492
 30
104.125
 70
    32
  0
VERTEX
  8
CONTOUR104_125
 10
79.492344993
 20
16.6899006288
 30
104.125
 70
    32
  0
VERTEX
  8
CONTOUR104_125
 10
79.4923620823
 20
16.6898702529
 30
104.125
 70
    32
  0
VERTEX
  8
CONTOUR104_125
 10
79.4923574677
 20
16.6898258429
 30
104.125
 70
    32
  0
VERTEX
  8
CONTOUR104_125
 10
79.492352373
 20
16.6898189313
 30
104.125
 70
    32
  0
VERTEX
  8
CONTOUR104_125
 10
79.4923341991
 20
16.6897802529
 30
104.125
 70
    32
  0
VERTEX
  8
CONTOUR104_125
 10
79.49238218
 20
16.6897624642
 30
104.125
 70
    32
  0
VERTEX
  8
CONTOUR104_125
 10
79.4923979922
 20
16.6897602236
 30
104.125
 70
    32
  0
SEQEND
  8
CONTOUR104_125
  0
POLYLINE
  8
CONTOUR104_25
 66
     1
 70
     8
  0
VERTEX
  8
CONTOUR104_25
 10
79.4926379923
 20
16.6905434235
 30
104.25
 70
    32
  0
VERTEX
  8
CONTOUR104_25
 10
79.4926095088
 20
16.6905322967
 30
104.25
 70
    32
  0
VERTEX
  8
CONTOUR104_25
 10
79.4925802087
 20
16.6905252463
 30
104.25
 70
    32
  0
VERTEX
  8
CONTOUR104_25
 10
79.4925579923
 20
16.6905181309
 30
104.25
 70
    32
  0
VERTEX
  8
CONTOUR104_25
 10
79.4925462752
 20
16.6905134345
 30
104.25
 70
    32
  0
VERTEX
  8
CONTOUR104_25
 10
79.4924790239
 20
16.6905014135
 30
104.25
 70
    32
  0
VERTEX
  8
CONTOUR104_25
 10
79.4924779922
 20
16.690501105
 30
104.25
 70
    32
  0
VERTEX
  8
CONTOUR104_25
 10
79.4924775635
 20
16.6905007351
 30
104.25
 70
    32
  0
VERTEX
  8
CONTOUR104_25
 10
79.492477151
 20
16.6905002528
 30
104.25
 70
    32
  0
VERTEX
  8
CONTOUR104_25
 10
79.4924769032
 20
16.6904990276
 30
104.25
 70
    32
  0
VERTEX
  8
CONTOUR104_25
 10
79.4924612313
 20
16.6904291088
 30
104.25
 70
    32
  0
VERTEX
  8
CONTOUR104_25
 10
79.4924576511
 20
16.6904102528
 30
104.25
 70
    32
  0
VERTEX
  8
CONTOUR104_25
 10
79.4924358894
 20
16.6903676186
 30
104.25
 70
    32
  0
VERTEX
  8
CONTOUR104_25
 10
79.4924254344
 20
16.6903511253
 30
104.25
 70
    32
  0
VERTEX
  8
CONTOUR104_25
 10
79.4924066265
 20
16.6903202529
 30
104.25
 70
    32
  0
VERTEX
  8
CONTOUR104_25
 10
79.4924032948
 20
16.6903142875
 30
104.25
 70
    32
  0
VERTEX
  8
CONTOUR104_25
 10
79.4923979922
 20
16.6903048189
 30
104.25
 70
    32
  0
VERTEX
  8
CONTOUR104_25
 10
79.492377572
 20
16.6902532255
 30
104.25
 70
    32
  0
VERTEX
  8
CONTOUR104_25
 10
79.4923696916
 20
16.6902302529
 30
104.25
 70
    32
  0
VERTEX
  8
CONTOUR104_25
 10
79.4923639309
 20
16.690191934
 30
104.25
 70
    32
  0
VERTEX
  8
CONTOUR104_25
 10
79.4923624646
 20
16.6901802214
 30
104.25
 70
    32
  0
VERTEX
  8
CONTOUR104_25
 10
79.4923560323
 20
16.6901402529
 30
104.25
 70
    32
  0
VERTEX
  8
CONTOUR104_25
 10
79.4923445778
 20
16.690110344
 30
104.25
 70
    32
  0
VERTEX
  8
CONTOUR104_25
 10
79.4923301039
 20
16.6900638786
 30
104.25
 70
    32
  0
VERTEX
  8
CONTOUR104_25
 10
79.4923254409
 20
16.6900502529
 30
104.25
 70
    32
  0
VERTEX
  8
CONTOUR104_25
 10
79.4923244421
 20
16.6900429967
 30
104.25
 70
    32
  0
VERTEX
  8
CONTOUR104_25
 10
79.4923179922
 20
16.6900130844
 30
104.25
 70
    32
  0
VERTEX
  8
CONTOUR104_25
 10
79.4923084288
 20
16.6899710118
 30
104.25
 70
    32
  0
VERTEX
  8
CONTOUR104_25
 10
79.4923056857
 20
16.6899602529
 30
104.25
 70
    32
  0
VERTEX
  8
CONTOUR104_25
 10
79.4923062747
 20
16.6899470707
 30
104.25
 70
    32
  0
VERTEX
  8
CONTOUR104_25
 10
79.4923179922
 20
16.6899004362
 30
104.25
 70
    32
  0
VERTEX
  8
CONTOUR104_25
 10
79.4923238894
 20
16.6898768873
 30
104.25
 70
    32
  0
VERTEX
  8
CONTOUR104_25
 10
79.4923276219
 20
16.6898702529
 30
104.25
 70
    32
  0
VERTEX
  8
CONTOUR104_25
 10
79.492326614
 20
16.6898605533
 30
104.25
 70
    32
  0
VERTEX
  8
CONTOUR104_25
 10
79.4923179922
 20
16.6898488567
 30
104.25
 70
    32
  0
VERTEX
  8
CONTOUR104_25
 10
79.4922961129
 20
16.6898048671
 30
104.25
 70
    32
  0
VERTEX
  8
CONTOUR104_25
 10
79.4922803823
 20
16.6897802529
 30
104.25
 70
    32
  0
VERTEX
  8
CONTOUR104_25
 10
79.492294538
 20
16.6897538669
 30
104.25
 70
    32
  0
VERTEX
  8
CONTOUR104_25
 10
79.4923179922
 20
16.6897170629
 30
104.25
 70
    32
  0
VERTEX
  8
CONTOUR104_25
 10
79.4923381611
 20
16.6897129431
 30
104.25
 70
    32
  0
VERTEX
  8
CONTOUR104_25
 10
79.4923765905
 20
16.6897143297
 30
104.25
 70
    32
  0
VERTEX
  8
CONTOUR104_25
 10
79.4923979922
 20
16.689711297
 30
104.25
 70
    32
  0
SEQEND
  8
CONTOUR104_25
  0
POLYLINE
  8
CONTOUR104_375
 66
     1
 70
     8
  0
VERTEX
  8
CONTOUR104_375
 10
79.4926379923
 20
16.6905869953
 30
104.375
 70
    32
  0
VERTEX
  8
CONTOUR104_375
 10
79.4926335564
 20
16.6905852624
 30
104.375
 70
    32
  0
VERTEX
  8
CONTOUR104_375
 10
79.4925831766
 20
16.6905619205
 30
104.375
 70
    32
  0
VERTEX
  8
CONTOUR104_375
 10
79.4925579923
 20
16.6905538545
 30
104.375
 70
    32
  0
VERTEX
  8
CONTOUR104_375
 10
79.4925228623
 20
16.690539774
 30
104.375
 70
    32
  0
VERTEX
  8
CONTOUR104_375
 10
79.4925112821
 20
16.690537704
 30
104.375
 70
    32
  0
VERTEX
  8
CONTOUR104_375
 10
79.4924779922
 20
16.6905277514
 30
104.375
 70
    32
  0
VERTEX
  8
CONTOUR104_375
 10
79.492464158
 20
16.6905158163
 30
104.375
 70
    32
  0
VERTEX
  8
CONTOUR104_375
 10
79.4924508493
 20
16.6905002528
 30
104.375
 70
    32
  0
VERTEX
  8
CONTOUR104_375
 10
79.4924428501
 20
16.6904607178
 30
104.375
 70
    32
  0
VERTEX
  8
CONTOUR104_375
 10
79.4924408936
 20
16.6904519889
 30
104.375
 70
    32
  0
VERTEX
  8
CONTOUR104_375
 10
79.4924329688
 20
16.6904102528
 30
104.375
 70
    32
  0
VERTEX
  8
CONTOUR104_375
 10
79.4924202104
 20
16.6903852573
 30
104.375
 70
    32
  0
VERTEX
  8
CONTOUR104_375
 10
79.4923979922
 20
16.6903502068
 30
104.375
 70
    32
  0
VERTEX
  8
CONTOUR104_375
 10
79.4923875049
 20
16.6903320511
 30
104.375
 70
    32
  0
VERTEX
  8
CONTOUR104_375
 10
79.4923825998
 20
16.6903202529
 30
104.375
 70
    32
  0
VERTEX
  8
CONTOUR104_375
 10
79.4923714331
 20
16.6902903739
 30
104.375
 70
    32
  0
VERTEX
  8
CONTOUR104_375
 10
79.4923631512
 20
16.6902694489
 30
104.375
 70
    32
  0
VERTEX
  8
CONTOUR104_375
 10
79.4923497057
 20
16.6902302529
 30
104.375
 70
    32
  0
VERTEX
  8
CONTOUR104_375
 10
79.4923451179
 20
16.6901997365
 30
104.375
 70
    32
  0
VERTEX
  8
CONTOUR104_375
 10
79.492338317
 20
16.6901631184
 30
104.375
 70
    32
  0
VERTEX
  8
CONTOUR104_375
 10
79.4923346371
 20
16.6901402529
 30
104.375
 70
    32
  0
VERTEX
  8
CONTOUR104_375
 10
79.4923296251
 20
16.6901271658
 30
104.375
 70
    32
  0
VERTEX
  8
CONTOUR104_375
 10
79.4923179922
 20
16.6900898208
 30
104.375
 70
    32
  0
VERTEX
  8
CONTOUR104_375
 10
79.4923070419
 20
16.690062572
 30
104.375
 70
    32
  0
VERTEX
  8
CONTOUR104_375
 10
79.4923050686
 20
16.6900502529
 30
104.375
 70
    32
  0
VERTEX
  8
CONTOUR104_375
 10
79.4923002085
 20
16.6900302462
 30
104.375
 70
    32
  0
VERTEX
  8
CONTOUR104_375
 10
79.49229116
 20
16.6899904392
 30
104.375
 70
    32
  0
VERTEX
  8
CONTOUR104_375
 10
79.4922834636
 20
16.6899602529
 30
104.375
 70
    32
  0
VERTEX
  8
CONTOUR104_375
 10
79.4922851165
 20
16.6899232678
 30
104.375
 70
    32
  0
VERTEX
  8
CONTOUR104_375
 10
79.4922907312
 20
16.6899009216
 30
104.375
 70
    32
  0
VERTEX
  8
CONTOUR104_375
 10
79.4922928805
 20
16.6898702529
 30
104.375
 70
    32
  0
VERTEX
  8
CONTOUR104_375
 10
79.4922723634
 20
16.6898315853
 30
104.375
 70
    32
  0
VERTEX
  8
CONTOUR104_375
 10
79.4922394679
 20
16.6897819133
 30
104.375
 70
    32
  0
VERTEX
  8
CONTOUR104_375
 10
79.4922384069
 20
16.6897802529
 30
104.375
 70
    32
  0
VERTEX
  8
CONTOUR104_375
 10
79.4922390383
 20
16.689779076
 30
104.375
 70
    32
  0
VERTEX
  8
CONTOUR104_375
 10
79.4922674967
 20
16.6897234454
 30
104.375
 70
    32
  0
VERTEX
  8
CONTOUR104_375
 10
79.4922880138
 20
16.689690253
 30
104.375
 70
    32
  0
VERTEX
  8
CONTOUR104_375
 10
79.4922937488
 20
16.6896629791
 30
104.375
 70
    32
  0
VERTEX
  8
CONTOUR104_375
 10
79.4923179922
 20
16.6896088341
 30
104.375
 70
    32
  0
SEQEND
  8
CONTOUR104_375
  0
POLYLINE
  8
CONTOUR104_5
 66
     1
 70
     8
  0
VERTEX
  8
CONTOUR104_5
 10
79.4926379923
 20
16.6906342901
 30
104.5
 70
    32
  0
VERTEX
  8
CONTOUR104_5
 10
79.4926056563
 20
16.6906266308
 30
104.5
 70
    32
  0
VERTEX
  8
CONTOUR104_5
 10
79.4925595926
 20
16.6905902528
 30
104.5
 70
    32
  0
VERTEX
  8
CONTOUR104_5
 10
79.4925584591
 20
16.6905897276
 30
104.5
 70
    32
  0
VERTEX
  8
CONTOUR104_5
 10
79.4925579923
 20
16.6905895781
 30
104.5
 70
    32
  0
VERTEX
  8
CONTOUR104_5
 10
79.4925570606
 20
16.6905892047
 30
104.5
 70
    32
  0
VERTEX
  8
CONTOUR104_5
 10
79.4925031719
 20
16.6905619257
 30
104.5
 70
    32
  0
VERTEX
  8
CONTOUR104_5
 10
79.4924779922
 20
16.6905543977
 30
104.5
 70
    32
  0
VERTEX
  8
CONTOUR104_5
 10
79.4924507526
 20
16.6905308975
 30
104.5
 70
    32
  0
VERTEX
  8
CONTOUR104_5
 10
79.4924245475
 20
16.6905002528
 30
104.5
 70
    32
  0
VERTEX
  8
CONTOUR104_5
 10
79.4924196237
 20
16.6904759175
 30
104.5
 70
    32
  0
VERTEX
  8
CONTOUR104_5
 10
79.492411083
 20
16.69042498
 30
104.5
 70
    32
  0
VERTEX
  8
CONTOUR104_5
 10
79.4924082867
 20
16.6904102528
 30
104.5
 70
    32
  0
VERTEX
  8
CONTOUR104_5
 10
79.4924045316
 20
16.6904028961
 30
104.5
 70
    32
  0
VERTEX
  8
CONTOUR104_5
 10
79.4923979922
 20
16.6903925798
 30
104.5
 70
    32
  0
VERTEX
  8
CONTOUR104_5
 10
79.4923726693
 20
16.690348741
 30
104.5
 70
    32
  0
VERTEX
  8
CONTOUR104_5
 10
79.4923608255
 20
16.6903202529
 30
104.5
 70
    32
  0
VERTEX
  8
CONTOUR104_5
 10
79.492348147
 20
16.6902863287
 30
104.5
 70
    32
  0
VERTEX
  8
CONTOUR104_5
 10
79.4923370895
 20
16.6902517374
 30
104.5
 70
    32
  0
VERTEX
  8
CONTOUR104_5
 10
79.4923297196
 20
16.6902302529
 30
104.5
 70
    32
  0
VERTEX
  8
CONTOUR104_5
 10
79.4923280231
 20
16.690218968
 30
104.5
 70
    32
  0
VERTEX
  8
CONTOUR104_5
 10
79.4923179922
 20
16.6901649583
 30
104.5
 70
    32
  0
VERTEX
  8
CONTOUR104_5
 10
79.4923118611
 20
16.6901471504
 30
104.5
 70
    32
  0
VERTEX
  8
CONTOUR104_5
 10
79.4923104773
 20
16.6901402529
 30
104.5
 70
    32
  0
VERTEX
  8
CONTOUR104_5
 10
79.4923074361
 20
16.6901283774
 30
104.5
 70
    32
  0
VERTEX
  8
CONTOUR104_5
 10
79.4922891021
 20
16.6900827543
 30
104.5
 70
    32
  0
VERTEX
  8
CONTOUR104_5
 10
79.4922838956
 20
16.6900502529
 30
104.5
 70
    32
  0
VERTEX
  8
CONTOUR104_5
 10
79.4922740433
 20
16.6900096954
 30
104.5
 70
    32
  0
VERTEX
  8
CONTOUR104_5
 10
79.4922705925
 20
16.6899969283
 30
104.5
 70
    32
  0
VERTEX
  8
CONTOUR104_5
 10
79.4922612417
 20
16.6899602529
 30
104.5
 70
    32
  0
VERTEX
  8
CONTOUR104_5
 10
79.4922624724
 20
16.6899327127
 30
104.5
 70
    32
  0
VERTEX
  8
CONTOUR104_5
 10
79.4922565658
 20
16.6898911482
 30
104.5
 70
    32
  0
VERTEX
  8
CONTOUR104_5
 10
79.49225803
 20
16.6898702529
 30
104.5
 70
    32
  0
VERTEX
  8
CONTOUR104_5
 10
79.49225054
 20
16.6898561366
 30
104.5
 70
    32
  0
VERTEX
  8
CONTOUR104_5
 10
79.4922379922
 20
16.6898371895
 30
104.5
 70
    32
  0
VERTEX
  8
CONTOUR104_5
 10
79.4922203279
 20
16.6898001251
 30
104.5
 70
    32
  0
VERTEX
  8
CONTOUR104_5
 10
79.4922152208
 20
16.6897802529
 30
104.5
 70
    32
  0
VERTEX
  8
CONTOUR104_5
 10
79.4922130019
 20
16.6897521389
 30
104.5
 70
    32
  0
VERTEX
  8
CONTOUR104_5
 10
79.4922379922
 20
16.6896932646
 30
104.5
 70
    32
  0
VERTEX
  8
CONTOUR104_5
 10
79.49223897
 20
16.6896913531
 30
104.5
 70
    32
  0
VERTEX
  8
CONTOUR104_5
 10
79.49223965
 20
16.689690253
 30
104.5
 70
    32
  0
VERTEX
  8
CONTOUR104_5
 10
79.4922401638
 20
16.6896878099
 30
104.5
 70
    32
  0
VERTEX
  8
CONTOUR104_5
 10
79.4922452193
 20
16.6896083835
 30
104.5
 70
    32
  0
VERTEX
  8
CONTOUR104_5
 10
79.4922478713
 20
16.689600253
 30
104.5
 70
    32
  0
SEQEND
  8
CONTOUR104_5
  0
POLYLINE
  8
CONTOUR104_625
 66
     1
 70
     8
  0
VERTEX
  8
CONTOUR104_625
 10
79.4926379923
 20
16.6906838425
 30
104.625
 70
    32
  0
VERTEX
  8
CONTOUR104_625
 10
79.4926359322
 20
16.6906825703
 30
104.625
 70
    32
  0
VERTEX
  8
CONTOUR104_625
 10
79.4925669436
 20
16.690690323
 30
104.625
 70
    32
  0
VERTEX
  8
CONTOUR104_625
 10
79.4925579923
 20
16.690688059
 30
104.625
 70
    32
  0
VERTEX
  8
CONTOUR104_625
 10
79.4925529536
 20
16.6906859214
 30
104.625
 70
    32
  0
VERTEX
  8
CONTOUR104_625
 10
79.4924849026
 20
16.690688027
 30
104.625
 70
    32
  0
VERTEX
  8
CONTOUR104_625
 10
79.4924779922
 20
16.6906864268
 30
104.625
 70
    32
  0
VERTEX
  8
CONTOUR104_625
 10
79.492474999
 20
16.6906836203
 30
104.625
 70
    32
  0
VERTEX
  8
CONTOUR104_625
 10
79.4924731772
 20
16.6906802528
 30
104.625
 70
    32
  0
VERTEX
  8
CONTOUR104_625
 10
79.4924725379
 20
16.6906741167
 30
104.625
 70
    32
  0
VERTEX
  8
CONTOUR104_625
 10
79.4924779922
 20
16.6906412779
 30
104.625
 70
    32
  0
VERTEX
  8
CONTOUR104_625
 10
79.4925004329
 20
16.6906154986
 30
104.625
 70
    32
  0
VERTEX
  8
CONTOUR104_625
 10
79.4924988314
 20
16.6905902528
 30
104.625
 70
    32
  0
VERTEX
  8
CONTOUR104_625
 10
79.4924844592
 20
16.6905829774
 30
104.625
 70
    32
  0
VERTEX
  8
CONTOUR104_625
 10
79.4924779922
 20
16.690581044
 30
104.625
 70
    32
  0
VERTEX
  8
CONTOUR104_625
 10
79.4924428816
 20
16.6905507533
 30
104.625
 70
    32
  0
VERTEX
  8
CONTOUR104_625
 10
79.4924372321
 20
16.690546108
 30
104.625
 70
    32
  0
VERTEX
  8
CONTOUR104_625
 10
79.4924046663
 20
16.6905077612
 30
104.625
 70
    32
  0
VERTEX
  8
CONTOUR104_625
 10
79.4923982456
 20
16.6905002528
 30
104.625
 70
    32
  0
VERTEX
  8
CONTOUR104_625
 10
79.4923981987
 20
16.6905000205
 30
104.625
 70
    32
  0
VERTEX
  8
CONTOUR104_625
 10
79.4923979922
 20
16.690498789
 30
104.625
 70
    32
  0
VERTEX
  8
CONTOUR104_625
 10
79.4923847921
 20
16.690425103
 30
104.625
 70
    32
  0
VERTEX
  8
CONTOUR104_625
 10
79.4923817034
 20
16.6904102528
 30
104.625
 70
    32
  0
VERTEX
  8
CONTOUR104_625
 10
79.4923578058
 20
16.6903654625
 30
104.625
 70
    32
  0
VERTEX
  8
CONTOUR104_625
 10
79.4923575556
 20
16.6903647618
 30
104.625
 70
    32
  0
VERTEX
  8
CONTOUR104_625
 10
79.4923390511
 20
16.6903202529
 30
104.625
 70
    32
  0
VERTEX
  8
CONTOUR104_625
 10
79.4923328178
 20
16.6903035742
 30
104.625
 70
    32
  0
VERTEX
  8
CONTOUR104_625
 10
79.4923179922
 20
16.6902571948
 30
104.625
 70
    32
  0
VERTEX
  8
CONTOUR104_625
 10
79.4923091319
 20
16.6902402206
 30
104.625
 70
    32
  0
VERTEX
  8
CONTOUR104_625
 10
79.4922997564
 20
16.6902302529
 30
104.625
 70
    32
  0
VERTEX
  8
CONTOUR104_625
 10
79.492292153
 20
16.6902011837
 30
104.625
 70
    32
  0
VERTEX
  8
CONTOUR104_625
 10
79.4922842458
 20
16.6901782176
 30
104.625
 70
    32
  0
VERTEX
  8
CONTOUR104_625
 10
79.4922766295
 20
16.6901402529
 30
104.625
 70
    32
  0
VERTEX
  8
CONTOUR104_625
 10
79.4922679878
 20
16.6901065077
 30
104.625
 70
    32
  0
VERTEX
  8
CONTOUR104_625
 10
79.4922681593
 20
16.6900841909
 30
104.625
 70
    32
  0
VERTEX
  8
CONTOUR104_625
 10
79.4922627227
 20
16.6900502529
 30
104.625
 70
    32
  0
VERTEX
  8
CONTOUR104_625
 10
79.4922574148
 20
16.6900284024
 30
104.625
 70
    32
  0
VERTEX
  8
CONTOUR104_625
 10
79.492239433
 20
16.6899618739
 30
104.625
 70
    32
  0
VERTEX
  8
CONTOUR104_625
 10
79.4922390198
 20
16.6899602529
 30
104.625
 70
    32
  0
VERTEX
  8
CONTOUR104_625
 10
79.4922390741
 20
16.6899590357
 30
104.625
 70
    32
  0
VERTEX
  8
CONTOUR104_625
 10
79.4922379922
 20
16.6899514222
 30
104.625
 70
    32
  0
VERTEX
  8
CONTOUR104_625
 10
79.4922273085
 20
16.689882272
 30
104.625
 70
    32
  0
VERTEX
  8
CONTOUR104_625
 10
79.4922235825
 20
16.6898702529
 30
104.625
 70
    32
  0
VERTEX
  8
CONTOUR104_625
 10
79.4922128795
 20
16.6898420013
 30
104.625
 70
    32
  0
VERTEX
  8
CONTOUR104_625
 10
79.4922024873
 20
16.6898201957
 30
104.625
 70
    32
  0
VERTEX
  8
CONTOUR104_625
 10
79.4921922223
 20
16.6897802529
 30
104.625
 70
    32
  0
VERTEX
  8
CONTOUR104_625
 10
79.4921894307
 20
16.6897448846
 30
104.625
 70
    32
  0
VERTEX
  8
CONTOUR104_625
 10
79.4921579921
 20
16.689698681
 30
104.625
 70
    32
  0
VERTEX
  8
CONTOUR104_625
 10
79.4921555086
 20
16.6896930468
 30
104.625
 70
    32
  0
VERTEX
  8
CONTOUR104_625
 10
79.4921545836
 20
16.689690253
 30
104.625
 70
    32
  0
VERTEX
  8
CONTOUR104_625
 10
79.4921541449
 20
16.6896859249
 30
104.625
 70
    32
  0
VERTEX
  8
CONTOUR104_625
 10
79.4921579921
 20
16.6896407236
 30
104.625
 70
    32
  0
VERTEX
  8
CONTOUR104_625
 10
79.4921664937
 20
16.6896098173
 30
104.625
 70
    32
  0
VERTEX
  8
CONTOUR104_625
 10
79.4921681052
 20
16.689600253
 30
104.625
 70
    32
  0
VERTEX
  8
CONTOUR104_625
 10
79.4921784884
 20
16.6895771946
 30
104.625
 70
    32
  0
VERTEX
  8
CONTOUR104_625
 10
79.4921933529
 20
16.6895500338
 30
104.625
 70
    32
  0
VERTEX
  8
CONTOUR104_625
 10
79.4922047789
 20
16.689510253
 30
104.625
 70
    32
  0
SEQEND
  8
CONTOUR104_625
  0
POLYLINE
  8
CONTOUR104_75
 66
     1
 70
     8
  0
VERTEX
  8
CONTOUR104_75
 10
79.4926252406
 20
16.6907702528
 30
104.75
 70
    32
  0
VERTEX
  8
CONTOUR104_75
 10
79.492586545
 20
16.6907381311
 30
104.75
 70
    32
  0
VERTEX
  8
CONTOUR104_75
 10
79.4925579923
 20
16.6907309095
 30
104.75
 70
    32
  0
VERTEX
  8
CONTOUR104_75
 10
79.4925252947
 20
16.6907170375
 30
104.75
 70
    32
  0
VERTEX
  8
CONTOUR104_75
 10
79.4925110807
 20
16.6907174774
 30
104.75
 70
    32
  0
VERTEX
  8
CONTOUR104_75
 10
79.4924779922
 20
16.6907098153
 30
104.75
 70
    32
  0
VERTEX
  8
CONTOUR104_75
 10
79.4924636598
 20
16.6906963769
 30
104.75
 70
    32
  0
VERTEX
  8
CONTOUR104_75
 10
79.4924549369
 20
16.6906802528
 30
104.75
 70
    32
  0
VERTEX
  8
CONTOUR104_75
 10
79.492451876
 20
16.690650872
 30
104.75
 70
    32
  0
VERTEX
  8
CONTOUR104_75
 10
79.4924582567
 20
16.6906124553
 30
104.75
 70
    32
  0
VERTEX
  8
CONTOUR104_75
 10
79.492453513
 20
16.6905902528
 30
104.75
 70
    32
  0
VERTEX
  8
CONTOUR104_75
 10
79.4924214366
 20
16.6905638779
 30
104.75
 70
    32
  0
VERTEX
  8
CONTOUR104_75
 10
79.4923979922
 20
16.6905362717
 30
104.75
 70
    32
  0
VERTEX
  8
CONTOUR104_75
 10
79.4923826196
 20
16.6905175471
 30
104.75
 70
    32
  0
VERTEX
  8
CONTOUR104_75
 10
79.4923717367
 20
16.6905002528
 30
104.75
 70
    32
  0
VERTEX
  8
CONTOUR104_75
 10
79.4923642448
 20
16.6904622871
 30
104.75
 70
    32
  0
VERTEX
  8
CONTOUR104_75
 10
79.4923621472
 20
16.6904505783
 30
104.75
 70
    32
  0
VERTEX
  8
CONTOUR104_75
 10
79.4923537599
 20
16.6904102528
 30
104.75
 70
    32
  0
VERTEX
  8
CONTOUR104_75
 10
79.4923403437
 20
16.6903851074
 30
104.75
 70
    32
  0
VERTEX
  8
CONTOUR104_75
 10
79.4923179922
 20
16.6903225053
 30
104.75
 70
    32
  0
VERTEX
  8
CONTOUR104_75
 10
79.4923173111
 20
16.690321019
 30
104.75
 70
    32
  0
VERTEX
  8
CONTOUR104_75
 10
79.4923170822
 20
16.6903202529
 30
104.75
 70
    32
  0
VERTEX
  8
CONTOUR104_75
 10
79.4923152831
 20
16.6903172051
 30
104.75
 70
    32
  0
VERTEX
  8
CONTOUR104_75
 10
79.49228769
 20
16.6902643429
 30
104.75
 70
    32
  0
VERTEX
  8
CONTOUR104_75
 10
79.4922556252
 20
16.6902302529
 30
104.75
 70
    32
  0
VERTEX
  8
CONTOUR104_75
 10
79.4922516162
 20
16.6902149259
 30
104.75
 70
    32
  0
VERTEX
  8
CONTOUR104_75
 10
79.4922441776
 20
16.6901472116
 30
104.75
 70
    32
  0
VERTEX
  8
CONTOUR104_75
 10
79.4922427816
 20
16.6901402529
 30
104.75
 70
    32
  0
VERTEX
  8
CONTOUR104_75
 10
79.4922417105
 20
16.6901360698
 30
104.75
 70
    32
  0
VERTEX
  8
CONTOUR104_75
 10
79.4922423319
 20
16.6900551351
 30
104.75
 70
    32
  0
VERTEX
  8
CONTOUR104_75
 10
79.4922415498
 20
16.6900502529
 30
104.75
 70
    32
  0
VERTEX
  8
CONTOUR104_75
 10
79.4922407862
 20
16.6900471096
 30
104.75
 70
    32
  0
VERTEX
  8
CONTOUR104_75
 10
79.4922379922
 20
16.690036772
 30
104.75
 70
    32
  0
VERTEX
  8
CONTOUR104_75
 10
79.4922184759
 20
16.6899822086
 30
104.75
 70
    32
  0
VERTEX
  8
CONTOUR104_75
 10
79.4922130826
 20
16.6899602529
 30
104.75
 70
    32
  0
VERTEX
  8
CONTOUR104_75
 10
79.4922039312
 20
16.6899219345
 30
104.75
 70
    32
  0
VERTEX
  8
CONTOUR104_75
 10
79.4922021724
 20
16.6899105501
 30
104.75
 70
    32
  0
VERTEX
  8
CONTOUR104_75
 10
79.4921896798
 20
16.6898702529
 30
104.75
 70
    32
  0
VERTEX
  8
CONTOUR104_75
 10
79.4921802103
 20
16.6898452574
 30
104.75
 70
    32
  0
VERTEX
  8
CONTOUR104_75
 10
79.4921737917
 20
16.6897980275
 30
104.75
 70
    32
  0
VERTEX
  8
CONTOUR104_75
 10
79.4921692238
 20
16.6897802529
 30
104.75
 70
    32
  0
VERTEX
  8
CONTOUR104_75
 10
79.4921683078
 20
16.6897686478
 30
104.75
 70
    32
  0
VERTEX
  8
CONTOUR104_75
 10
79.4921579921
 20
16.6897534875
 30
104.75
 70
    32
  0
VERTEX
  8
CONTOUR104_75
 10
79.4921393589
 20
16.6897112153
 30
104.75
 70
    32
  0
VERTEX
  8
CONTOUR104_75
 10
79.4921324181
 20
16.689690253
 30
104.75
 70
    32
  0
VERTEX
  8
CONTOUR104_75
 10
79.4921291272
 20
16.6896577798
 30
104.75
 70
    32
  0
VERTEX
  8
CONTOUR104_75
 10
79.4921314854
 20
16.6896300731
 30
104.75
 70
    32
  0
VERTEX
  8
CONTOUR104_75
 10
79.4921265883
 20
16.689600253
 30
104.75
 70
    32
  0
VERTEX
  8
CONTOUR104_75
 10
79.4921244313
 20
16.689562497
 30
104.75
 70
    32
  0
VERTEX
  8
CONTOUR104_75
 10
79.4921441634
 20
16.6895258103
 30
104.75
 70
    32
  0
VERTEX
  8
CONTOUR104_75
 10
79.4921388078
 20
16.689510253
 30
104.75
 70
    32
  0
SEQEND
  8
CONTOUR104_75
  0
POLYLINE
  8
CONTOUR104_875
 66
     1
 70
     8
  0
VERTEX
  8
CONTOUR104_875
 10
79.4925579923
 20
16.6907737583
 30
104.875
 70
    32
  0
VERTEX
  8
CONTOUR104_875
 10
79.4925560408
 20
16.6907724483
 30
104.875
 70
    32
  0
VERTEX
  8
CONTOUR104_875
 10
79.4925540618
 20
16.6907702528
 30
104.875
 70
    32
  0
VERTEX
  8
CONTOUR104_875
 10
79.4925053032
 20
16.690739528
 30
104.875
 70
    32
  0
VERTEX
  8
CONTOUR104_875
 10
79.4924779922
 20
16.6907332038
 30
104.875
 70
    32
  0
VERTEX
  8
CONTOUR104_875
 10
79.4924523204
 20
16.6907091335
 30
104.875
 70
    32
  0
VERTEX
  8
CONTOUR104_875
 10
79.4924366966
 20
16.6906802528
 30
104.875
 70
    32
  0
VERTEX
  8
CONTOUR104_875
 10
79.4924326362
 20
16.6906412784
 30
104.875
 70
    32
  0
VERTEX
  8
CONTOUR104_875
 10
79.4924218379
 20
16.6906170792
 30
104.875
 70
    32
  0
VERTEX
  8
CONTOUR104_875
 10
79.4924161063
 20
16.6905902528
 30
104.875
 70
    32
  0
VERTEX
  8
CONTOUR104_875
 10
79.4924056412
 20
16.6905816478
 30
104.875
 70
    32
  0
VERTEX
  8
CONTOUR104_875
 10
79.4923979922
 20
16.690572641
 30
104.875
 70
    32
  0
VERTEX
  8
CONTOUR104_875
 10
79.4923670972
 20
16.6905350096
 30
104.875
 70
    32
  0
VERTEX
  8
CONTOUR104_875
 10
79.4923452257
 20
16.6905002528
 30
104.875
 70
    32
  0
VERTEX
  8
CONTOUR104_875
 10
79.4923402781
 20
16.6904751811
 30
104.875
 70
    32
  0
VERTEX
  8
CONTOUR104_875
 10
79.4923282063
 20
16.6904217439
 30
104.875
 70
    32
  0
VERTEX
  8
CONTOUR104_875
 10
79.4923258163
 20
16.6904102528
 30
104.875
 70
    32
  0
VERTEX
  8
CONTOUR104_875
 10
79.4923228815
 20
16.6904047523
 30
104.875
 70
    32
  0
VERTEX
  8
CONTOUR104_875
 10
79.4923179922
 20
16.6903910582
 30
104.875
 70
    32
  0
VERTEX
  8
CONTOUR104_875
 10
79.4922965858
 20
16.6903443351
 30
104.875
 70
    32
  0
VERTEX
  8
CONTOUR104_875
 10
79.4922893859
 20
16.6903202529
 30
104.875
 70
    32
  0
VERTEX
  8
CONTOUR104_875
 10
79.4922688762
 20
16.6902855084
 30
104.875
 70
    32
  0
VERTEX
  8
CONTOUR104_875
 10
79.4922379922
 20
16.6902522554
 30
104.875
 70
    32
  0
VERTEX
  8
CONTOUR104_875
 10
79.4922306792
 20
16.6902384799
 30
104.875
 70
    32
  0
VERTEX
  8
CONTOUR104_875
 10
79.4922291707
 20
16.6902302529
 30
104.875
 70
    32
  0
VERTEX
  8
CONTOUR104_875
 10
79.4922272831
 20
16.6902182052
 30
104.875
 70
    32
  0
VERTEX
  8
CONTOUR104_875
 10
79.4922242605
 20
16.690155701
 30
104.875
 70
    32
  0
VERTEX
  8
CONTOUR104_875
 10
79.4922209997
 20
16.6901402529
 30
104.875
 70
    32
  0
VERTEX
  8
CONTOUR104_875
 10
79.4922172033
 20
16.6901168655
 30
104.875
 70
    32
  0
VERTEX
  8
CONTOUR104_875
 10
79.4922175169
 20
16.6900732875
 30
104.875
 70
    32
  0
VERTEX
  8
CONTOUR104_875
 10
79.4922115021
 20
16.6900502529
 30
104.875
 70
    32
  0
VERTEX
  8
CONTOUR104_875
 10
79.4921980425
 20
16.6900053097
 30
104.875
 70
    32
  0
VERTEX
  8
CONTOUR104_875
 10
79.4921980136
 20
16.6900052287
 30
104.875
 70
    32
  0
VERTEX
  8
CONTOUR104_875
 10
79.4921869653
 20
16.6899602529
 30
104.875
 70
    32
  0
VERTEX
  8
CONTOUR104_875
 10
79.4921808296
 20
16.6899345609
 30
104.875
 70
    32
  0
VERTEX
  8
CONTOUR104_875
 10
79.4921579921
 20
16.6898752587
 30
104.875
 70
    32
  0
VERTEX
  8
CONTOUR104_875
 10
79.4921570623
 20
16.6898712989
 30
104.875
 70
    32
  0
VERTEX
  8
CONTOUR104_875
 10
79.4921568869
 20
16.6898702529
 30
104.875
 70
    32
  0
VERTEX
  8
CONTOUR104_875
 10
79.4921564662
 20
16.6898685363
 30
104.875
 70
    32
  0
VERTEX
  8
CONTOUR104_875
 10
79.4921485127
 20
16.6897909173
 30
104.875
 70
    32
  0
VERTEX
  8
CONTOUR104_875
 10
79.4921444109
 20
16.6897802529
 30
104.875
 70
    32
  0
VERTEX
  8
CONTOUR104_875
 10
79.4921334733
 20
16.6897526691
 30
104.875
 70
    32
  0
VERTEX
  8
CONTOUR104_875
 10
79.4921232092
 20
16.6897293837
 30
104.875
 70
    32
  0
VERTEX
  8
CONTOUR104_875
 10
79.4921102526
 20
16.689690253
 30
104.875
 70
    32
  0
VERTEX
  8
CONTOUR104_875
 10
79.492106951
 20
16.6896576742
 30
104.875
 70
    32
  0
VERTEX
  8
CONTOUR104_875
 10
79.4920935448
 20
16.6896177497
 30
104.875
 70
    32
  0
VERTEX
  8
CONTOUR104_875
 10
79.4920906715
 20
16.689600253
 30
104.875
 70
    32
  0
VERTEX
  8
CONTOUR104_875
 10
79.4920899058
 20
16.6895868501
 30
104.875
 70
    32
  0
VERTEX
  8
CONTOUR104_875
 10
79.4920779921
 20
16.6895706155
 30
104.875
 70
    32
  0
VERTEX
  8
CONTOUR104_875
 10
79.4920481635
 20
16.6895438102
 30
104.875
 70
    32
  0
VERTEX
  8
CONTOUR104_875
 10
79.4920291504
 20
16.6895453062
 30
104.875
 70
    32
  0
VERTEX
  8
CONTOUR104_875
 10
79.4919979921
 20
16.6895355436
 30
104.875
 70
    32
  0
VERTEX
  8
CONTOUR104_875
 10
79.4919862429
 20
16.6895234709
 30
104.875
 70
    32
  0
VERTEX
  8
CONTOUR104_875
 10
79.4919796926
 20
16.689510253
 30
104.875
 70
    32
  0
SEQEND
  8
CONTOUR104_875
  0
POLYLINE
  8
CONTOUR105
 66
     1
 70
     8
 39
1.95400004304e-06
 40
1.95400004304e-06
 41
1.95400004304e-06
  0
VERTEX
  8
CONTOUR105
 10
79.4925579923
 20
16.6908165895
 30
105
 70
    32
 39
1.95400004304e-06
 40
1.95400004304e-06
 41
1.95400004304e-06
  0
VERTEX
  8
CONTOUR105
 10
79.4925321971
 20
16.6907992723
 30
105
 70
    32
 39
1.95400004304e-06
 40
1.95400004304e-06
 41
1.95400004304e-06
  0
VERTEX
  8
CONTOUR105
 10
79.4925060402
 20
16.6907702528
 30
105
 70
    32
 39
1.95400004304e-06
 40
1.95400004304e-06
 41
1.95400004304e-06
  0
SEQEND
  8
CONTOUR105
  0
TEXT
  8
CONTOUR105
 10
79.4924148907
 20
16.6907265315
 30
105
 40
3.90800014429e-05
  1
105
  0
POLYLINE
  8
CONTOUR105
 66
     1
 70
     8
 39
1.95400004304e-06
 40
1.95400004304e-06
 41
1.95400004304e-06
  0
VERTEX
  8
CONTOUR105
 10
79.4924409812
 20
16.6907218901
 30
105
 70
    32
 39
1.95400004304e-06
 40
1.95400004304e-06
 41
1.95400004304e-06
  0
VERTEX
  8
CONTOUR105
 10
79.4924409812
 20
16.6907218901
 30
105
 70
    32
 39
1.95400004304e-06
 40
1.95400004304e-06
 41
1.95400004304e-06
  0
VERTEX
  8
CONTOUR105
 10
79.4924184563
 20
16.6906802528
 30
105
 70
    32
 39
1.95400004304e-06
 40
1.95400004304e-06
 41
1.95400004304e-06
  0
VERTEX
  8
CONTOUR105
 10
79.4924163095
 20
16.690659646
 30
105
 70
    32
 39
1.95400004304e-06
 40
1.95400004304e-06
 41
1.95400004304e-06
  0
VERTEX
  8
CONTOUR105
 10
79.4923979922
 20
16.6906185966
 30
105
 70
    32
 39
1.95400004304e-06
 40
1.95400004304e-06
 41
1.95400004304e-06
  0
VERTEX
  8
CONTOUR105
 10
79.4923857935
 20
16.6906039764
 30
105
 70
    32
 39
1.95400004304e-06
 40
1.95400004304e-06
 41
1.95400004304e-06
  0
VERTEX
  8
CONTOUR105
 10
79.4923803668
 20
16.6905902528
 30
105
 70
    32
 39
1.95400004304e-06
 40
1.95400004304e-06
 41
1.95400004304e-06
  0
VERTEX
  8
CONTOUR105
 10
79.4923506051
 20
16.6905535632
 30
105
 70
    32
 39
1.95400004304e-06
 40
1.95400004304e-06
 41
1.95400004304e-06
  0
VERTEX
  8
CONTOUR105
 10
79.4923204657
 20
16.6905030355
 30
105
 70
    32
 39
1.95400004304e-06
 40
1.95400004304e-06
 41
1.95400004304e-06
  0
VERTEX
  8
CONTOUR105
 10
79.4923187145
 20
16.6905002528
 30
105
 70
    32
 39
1.95400004304e-06
 40
1.95400004304e-06
 41
1.95400004304e-06
  0
VERTEX
  8
CONTOUR105
 10
79.4923185833
 20
16.6904995878
 30
105
 70
    32
 39
1.95400004304e-06
 40
1.95400004304e-06
 41
1.95400004304e-06
  0
VERTEX
  8
CONTOUR105
 10
79.4923179922
 20
16.6904969709
 30
105
 70
    32
 39
1.95400004304e-06
 40
1.95400004304e-06
 41
1.95400004304e-06
  0
VERTEX
  8
CONTOUR105
 10
79.4923024085
 20
16.6904277845
 30
105
 70
    32
 39
1.95400004304e-06
 40
1.95400004304e-06
 41
1.95400004304e-06
  0
VERTEX
  8
CONTOUR105
 10
79.4922918792
 20
16.6904102528
 30
105
 70
    32
 39
1.95400004304e-06
 40
1.95400004304e-06
 41
1.95400004304e-06
  0
VERTEX
  8
CONTOUR105
 10
79.4922754023
 20
16.6903681665
 30
105
 70
    32
 39
1.95400004304e-06
 40
1.95400004304e-06
 41
1.95400004304e-06
  0
SEQEND
  8
CONTOUR105
  0
TEXT
  8
CONTOUR105
 10
79.4922099259
 20
16.6903246697
 30
105
 40
3.90800014429e-05
  1
105
  0
POLYLINE
  8
CONTOUR105
 66
     1
 70
     8
 39
1.95400004304e-06
 40
1.95400004304e-06
 41
1.95400004304e-06
  0
VERTEX
  8
CONTOUR105
 10
79.4922616895
 20
16.6903202529
 30
105
 70
    32
 39
1.95400004304e-06
 40
1.95400004304e-06
 41
1.95400004304e-06
  0
VERTEX
  8
CONTOUR105
 10
79.4922616895
 20
16.6903202529
 30
105
 70
    32
 39
1.95400004304e-06
 40
1.95400004304e-06
 41
1.95400004304e-06
  0
VERTEX
  8
CONTOUR105
 10
79.4922522327
 20
16.6903042324
 30
105
 70
    32
 39
1.95400004304e-06
 40
1.95400004304e-06
 41
1.95400004304e-06
  0
VERTEX
  8
CONTOUR105
 10
79.4922379922
 20
16.6902888995
 30
105
 70
    32
 39
1.95400004304e-06
 40
1.95400004304e-06
 41
1.95400004304e-06
  0
VERTEX
  8
CONTOUR105
 10
79.4922184999
 20
16.6902521817
 30
105
 70
    32
 39
1.95400004304e-06
 40
1.95400004304e-06
 41
1.95400004304e-06
  0
VERTEX
  8
CONTOUR105
 10
79.4922144791
 20
16.6902302529
 30
105
 70
    32
 39
1.95400004304e-06
 40
1.95400004304e-06
 41
1.95400004304e-06
  0
VERTEX
  8
CONTOUR105
 10
79.4922094477
 20
16.6901981404
 30
105
 70
    32
 39
1.95400004304e-06
 40
1.95400004304e-06
 41
1.95400004304e-06
  0
VERTEX
  8
CONTOUR105
 10
79.4922082656
 20
16.6901736953
 30
105
 70
    32
 39
1.95400004304e-06
 40
1.95400004304e-06
 41
1.95400004304e-06
  0
VERTEX
  8
CONTOUR105
 10
79.4922012064
 20
16.6901402529
 30
105
 70
    32
 39
1.95400004304e-06
 40
1.95400004304e-06
 41
1.95400004304e-06
  0
VERTEX
  8
CONTOUR105
 10
79.4921945334
 20
16.690099144
 30
105
 70
    32
 39
1.95400004304e-06
 40
1.95400004304e-06
 41
1.95400004304e-06
  0
VERTEX
  8
CONTOUR105
 10
79.4921886754
 20
16.6900847716
 30
105
 70
    32
 39
1.95400004304e-06
 40
1.95400004304e-06
 41
1.95400004304e-06
  0
VERTEX
  8
CONTOUR105
 10
79.4921796618
 20
16.6900502529
 30
105
 70
    32
 39
1.95400004304e-06
 40
1.95400004304e-06
 41
1.95400004304e-06
  0
VERTEX
  8
CONTOUR105
 10
79.4921742009
 20
16.6900320181
 30
105
 70
    32
 39
1.95400004304e-06
 40
1.95400004304e-06
 41
1.95400004304e-06
  0
VERTEX
  8
CONTOUR105
 10
79.4921619388
 20
16.689964693
 30
105
 70
    32
 39
1.95400004304e-06
 40
1.95400004304e-06
 41
1.95400004304e-06
  0
VERTEX
  8
CONTOUR105
 10
79.4921608481
 20
16.6899602529
 30
105
 70
    32
 39
1.95400004304e-06
 40
1.95400004304e-06
 41
1.95400004304e-06
  0
VERTEX
  8
CONTOUR105
 10
79.4921602434
 20
16.6899577203
 30
105
 70
    32
 39
1.95400004304e-06
 40
1.95400004304e-06
 41
1.95400004304e-06
  0
VERTEX
  8
CONTOUR105
 10
79.4921579921
 20
16.6899518746
 30
105
 70
    32
 39
1.95400004304e-06
 40
1.95400004304e-06
 41
1.95400004304e-06
  0
VERTEX
  8
CONTOUR105
 10
79.4921428318
 20
16.6898873082
 30
105
 70
    32
 39
1.95400004304e-06
 40
1.95400004304e-06
 41
1.95400004304e-06
  0
SEQEND
  8
CONTOUR105
  0
TEXT
  8
CONTOUR105
 10
79.4920793511
 20
16.6898452445
 30
105
 40
3.90800014429e-05
  1
105
  0
POLYLINE
  8
CONTOUR105
 66
     1
 70
     8
 39
1.95400004304e-06
 40
1.95400004304e-06
 41
1.95400004304e-06
  0
VERTEX
  8
CONTOUR105
 10
79.4921331103
 20
16.6898422609
 30
105
 70
    32
 39
1.95400004304e-06
 40
1.95400004304e-06
 41
1.95400004304e-06
  0
VERTEX
  8
CONTOUR105
 10
79.4921331103
 20
16.6898422609
 30
105
 70
    32
 39
1.95400004304e-06
 40
1.95400004304e-06
 41
1.95400004304e-06
  0
VERTEX
  8
CONTOUR105
 10
79.492129985
 20
16.689811761
 30
105
 70
    32
 39
1.95400004304e-06
 40
1.95400004304e-06
 41
1.95400004304e-06
  0
VERTEX
  8
CONTOUR105
 10
79.4921178663
 20
16.6897802529
 30
105
 70
    32
 39
1.95400004304e-06
 40
1.95400004304e-06
 41
1.95400004304e-06
  0
VERTEX
  8
CONTOUR105
 10
79.4921055659
 20
16.6897492324
 30
105
 70
    32
 39
1.95400004304e-06
 40
1.95400004304e-06
 41
1.95400004304e-06
  0
VERTEX
  8
CONTOUR105
 10
79.4920940798
 20
16.6897083516
 30
105
 70
    32
 39
1.95400004304e-06
 40
1.95400004304e-06
 41
1.95400004304e-06
  0
VERTEX
  8
CONTOUR105
 10
79.4920880872
 20
16.689690253
 30
105
 70
    32
 39
1.95400004304e-06
 40
1.95400004304e-06
 41
1.95400004304e-06
  0
VERTEX
  8
CONTOUR105
 10
79.492087054
 20
16.6896800583
 30
105
 70
    32
 39
1.95400004304e-06
 40
1.95400004304e-06
 41
1.95400004304e-06
  0
VERTEX
  8
CONTOUR105
 10
79.4920779921
 20
16.6896530714
 30
105
 70
    32
 39
1.95400004304e-06
 40
1.95400004304e-06
 41
1.95400004304e-06
  0
VERTEX
  8
CONTOUR105
 10
79.4920591407
 20
16.6896214607
 30
105
 70
    32
 39
1.95400004304e-06
 40
1.95400004304e-06
 41
1.95400004304e-06
  0
VERTEX
  8
CONTOUR105
 10
79.4920501301
 20
16.689600253
 30
105
 70
    32
 39
1.95400004304e-06
 40
1.95400004304e-06
 41
1.95400004304e-06
  0
VERTEX
  8
CONTOUR105
 10
79.4920226306
 20
16.6895725346
 30
105
 70
    32
 39
1.95400004304e-06
 40
1.95400004304e-06
 41
1.95400004304e-06
  0
VERTEX
  8
CONTOUR105
 10
79.4919979921
 20
16.6895648149
 30
105
 70
    32
 39
1.95400004304e-06
 40
1.95400004304e-06
 41
1.95400004304e-06
  0
VERTEX
  8
CONTOUR105
 10
79.4919726444
 20
16.6895387691
 30
105
 70
    32
 39
1.95400004304e-06
 40
1.95400004304e-06
 41
1.95400004304e-06
  0
VERTEX
  8
CONTOUR105
 10
79.4919585131
 20
16.689510253
 30
105
 70
    32
 39
1.95400004304e-06
 40
1.95400004304e-06
 41
1.95400004304e-06
  0
SEQEND
  8
CONTOUR105
  0
POLYLINE
  8
CONTOUR105_125
 66
     1
 70
     8
  0
VERTEX
  8
CONTOUR105_125
 10
79.4925579923
 20
16.6908594205
 30
105.125
 70
    32
  0
VERTEX
  8
CONTOUR105_125
 10
79.4925561578
 20
16.690858189
 30
105.125
 70
    32
  0
VERTEX
  8
CONTOUR105_125
 10
79.4925052156
 20
16.6908296264
 30
105.125
 70
    32
  0
VERTEX
  8
CONTOUR105_125
 10
79.4924779922
 20
16.6907995602
 30
105.125
 70
    32
  0
VERTEX
  8
CONTOUR105_125
 10
79.4924644592
 20
16.6907854775
 30
105.125
 70
    32
  0
VERTEX
  8
CONTOUR105_125
 10
79.4924615873
 20
16.6907702528
 30
105.125
 70
    32
  0
VERTEX
  8
CONTOUR105_125
 10
79.4924254513
 20
16.6907393613
 30
105.125
 70
    32
  0
VERTEX
  8
CONTOUR105_125
 10
79.4924036739
 20
16.6906866446
 30
105.125
 70
    32
  0
VERTEX
  8
CONTOUR105_125
 10
79.492400216
 20
16.6906802528
 30
105.125
 70
    32
  0
VERTEX
  8
CONTOUR105_125
 10
79.4923999827
 20
16.6906780135
 30
105.125
 70
    32
  0
VERTEX
  8
CONTOUR105_125
 10
79.4923979922
 20
16.6906735528
 30
105.125
 70
    32
  0
VERTEX
  8
CONTOUR105_125
 10
79.4923621412
 20
16.6906305851
 30
105.125
 70
    32
  0
VERTEX
  8
CONTOUR105_125
 10
79.4923461926
 20
16.6905902528
 30
105.125
 70
    32
  0
VERTEX
  8
CONTOUR105_125
 10
79.492332737
 20
16.6905736649
 30
105.125
 70
    32
  0
VERTEX
  8
CONTOUR105_125
 10
79.4923179922
 20
16.6905489459
 30
105.125
 70
    32
  0
VERTEX
  8
CONTOUR105_125
 10
79.4923027377
 20
16.6905174142
 30
105.125
 70
    32
  0
VERTEX
  8
CONTOUR105_125
 10
79.4922969143
 20
16.6905002528
 30
105.125
 70
    32
  0
VERTEX
  8
CONTOUR105_125
 10
79.4922826462
 20
16.6904604884
 30
105.125
 70
    32
  0
VERTEX
  8
CONTOUR105_125
 10
79.4922807643
 20
16.6904521342
 30
105.125
 70
    32
  0
VERTEX
  8
CONTOUR105_125
 10
79.492255611
 20
16.6904102528
 30
105.125
 70
    32
  0
VERTEX
  8
CONTOUR105_125
 10
79.4922502238
 20
16.6903964923
 30
105.125
 70
    32
  0
VERTEX
  8
CONTOUR105_125
 10
79.4922379922
 20
16.690340873
 30
105.125
 70
    32
  0
VERTEX
  8
CONTOUR105_125
 10
79.4922344503
 20
16.6903242374
 30
105.125
 70
    32
  0
VERTEX
  8
CONTOUR105_125
 10
79.4922338367
 20
16.6903202529
 30
105.125
 70
    32
  0
VERTEX
  8
CONTOUR105_125
 10
79.4922310189
 20
16.6903124079
 30
105.125
 70
    32
  0
VERTEX
  8
CONTOUR105_125
 10
79.4922063205
 20
16.6902658834
 30
105.125
 70
    32
  0
VERTEX
  8
CONTOUR105_125
 10
79.4921997874
 20
16.6902302529
 30
105.125
 70
    32
  0
VERTEX
  8
CONTOUR105_125
 10
79.4921935243
 20
16.6901902791
 30
105.125
 70
    32
  0
VERTEX
  8
CONTOUR105_125
 10
79.492188707
 20
16.6901748073
 30
105.125
 70
    32
  0
VERTEX
  8
CONTOUR105_125
 10
79.4921814133
 20
16.6901402529
 30
105.125
 70
    32
  0
VERTEX
  8
CONTOUR105_125
 10
79.4921777966
 20
16.6901179729
 30
105.125
 70
    32
  0
VERTEX
  8
CONTOUR105_125
 10
79.4921579921
 20
16.6900693838
 30
105.125
 70
    32
  0
VERTEX
  8
CONTOUR105_125
 10
79.4921539326
 20
16.6900548199
 30
105.125
 70
    32
  0
VERTEX
  8
CONTOUR105_125
 10
79.4921533659
 20
16.6900502529
 30
105.125
 70
    32
  0
VERTEX
  8
CONTOUR105_125
 10
79.4921520118
 20
16.690043525
 30
105.125
 70
    32
  0
VERTEX
  8
CONTOUR105_125
 10
79.492144835
 20
16.6899750547
 30
105.125
 70
    32
  0
VERTEX
  8
CONTOUR105_125
 10
79.4921408837
 20
16.6899602529
 30
105.125
 70
    32
  0
VERTEX
  8
CONTOUR105_125
 10
79.4921362182
 20
16.6899357573
 30
105.125
 70
    32
  0
VERTEX
  8
CONTOUR105_125
 10
79.4921286013
 20
16.6899033176
 30
105.125
 70
    32
  0
VERTEX
  8
CONTOUR105_125
 10
79.4921230555
 20
16.6898702529
 30
105.125
 70
    32
  0
VERTEX
  8
CONTOUR105_125
 10
79.4921133155
 20
16.6898305142
 30
105.125
 70
    32
  0
VERTEX
  8
CONTOUR105_125
 10
79.4921014887
 20
16.6898066865
 30
105.125
 70
    32
  0
VERTEX
  8
CONTOUR105_125
 10
79.4920913217
 20
16.6897802529
 30
105.125
 70
    32
  0
VERTEX
  8
CONTOUR105_125
 10
79.4920872097
 20
16.6897698831
 30
105.125
 70
    32
  0
VERTEX
  8
CONTOUR105_125
 10
79.4920779921
 20
16.6897370759
 30
105.125
 70
    32
  0
VERTEX
  8
CONTOUR105_125
 10
79.4920631555
 20
16.689706944
 30
105.125
 70
    32
  0
VERTEX
  8
CONTOUR105_125
 10
79.4920474994
 20
16.689690253
 30
105.125
 70
    32
  0
VERTEX
  8
CONTOUR105_125
 10
79.4920285239
 20
16.6896559047
 30
105.125
 70
    32
  0
VERTEX
  8
CONTOUR105_125
 10
79.492015373
 20
16.6896198065
 30
105.125
 70
    32
  0
VERTEX
  8
CONTOUR105_125
 10
79.4920070651
 20
16.689600253
 30
105.125
 70
    32
  0
VERTEX
  8
CONTOUR105_125
 10
79.4920022796
 20
16.6895954294
 30
105.125
 70
    32
  0
VERTEX
  8
CONTOUR105_125
 10
79.4919979921
 20
16.689594086
 30
105.125
 70
    32
  0
VERTEX
  8
CONTOUR105_125
 10
79.4919590459
 20
16.6895540674
 30
105.125
 70
    32
  0
VERTEX
  8
CONTOUR105_125
 10
79.4919373335
 20
16.689510253
 30
105.125
 70
    32
  0
SEQEND
  8
CONTOUR105_125
  0
POLYLINE
  8
CONTOUR105_25
 66
     1
 70
     8
  0
VERTEX
  8
CONTOUR105_25
 10
79.4924779922
 20
16.6909522756
 30
105.25
 70
    32
  0
VERTEX
  8
CONTOUR105_25
 10
79.4924770983
 20
16.6909512585
 30
105.25
 70
    32
  0
VERTEX
  8
CONTOUR105_25
 10
79.4924763684
 20
16.6909502528
 30
105.25
 70
    32
  0
VERTEX
  8
CONTOUR105_25
 10
79.4924749898
 20
16.690946875
 30
105.25
 70
    32
  0
VERTEX
  8
CONTOUR105_25
 10
79.4924666104
 20
16.6908730573
 30
105.25
 70
    32
  0
VERTEX
  8
CONTOUR105_25
 10
79.4924448438
 20
16.6908602528
 30
105.25
 70
    32
  0
VERTEX
  8
CONTOUR105_25
 10
79.4924184844
 20
16.690837199
 30
105.25
 70
    32
  0
VERTEX
  8
CONTOUR105_25
 10
79.4924286522
 20
16.6908047451
 30
105.25
 70
    32
  0
VERTEX
  8
CONTOUR105_25
 10
79.4924221457
 20
16.6907702528
 30
105.25
 70
    32
  0
VERTEX
  8
CONTOUR105_25
 10
79.4924084213
 20
16.6907585202
 30
105.25
 70
    32
  0
VERTEX
  8
CONTOUR105_25
 10
79.4923979922
 20
16.6907332746
 30
105.25
 70
    32
  0
VERTEX
  8
CONTOUR105_25
 10
79.4923683022
 20
16.6907136539
 30
105.25
 70
    32
  0
VERTEX
  8
CONTOUR105_25
 10
79.4923368228
 20
16.6906802528
 30
105.25
 70
    32
  0
VERTEX
  8
CONTOUR105_25
 10
79.4923278676
 20
16.690669143
 30
105.25
 70
    32
  0
VERTEX
  8
CONTOUR105_25
 10
79.4923179922
 20
16.690625597
 30
105.25
 70
    32
  0
VERTEX
  8
CONTOUR105_25
 10
79.4923138601
 20
16.6905949013
 30
105.25
 70
    32
  0
VERTEX
  8
CONTOUR105_25
 10
79.4923131947
 20
16.6905902528
 30
105.25
 70
    32
  0
VERTEX
  8
CONTOUR105_25
 10
79.4923087036
 20
16.6905798032
 30
105.25
 70
    32
  0
VERTEX
  8
CONTOUR105_25
 10
79.4922870557
 20
16.6905350563
 30
105.25
 70
    32
  0
VERTEX
  8
CONTOUR105_25
 10
79.4922752459
 20
16.6905002528
 30
105.25
 70
    32
  0
VERTEX
  8
CONTOUR105_25
 10
79.4922645324
 20
16.6904703951
 30
105.25
 70
    32
  0
VERTEX
  8
CONTOUR105_25
 10
79.4922379922
 20
16.6904309732
 30
105.25
 70
    32
  0
VERTEX
  8
CONTOUR105_25
 10
79.4922286249
 20
16.690420791
 30
105.25
 70
    32
  0
VERTEX
  8
CONTOUR105_25
 10
79.4922214211
 20
16.6904102528
 30
105.25
 70
    32
  0
VERTEX
  8
CONTOUR105_25
 10
79.4922174327
 20
16.6903871236
 30
105.25
 70
    32
  0
VERTEX
  8
CONTOUR105_25
 10
79.4922099195
 20
16.6903518345
 30
105.25
 70
    32
  0
VERTEX
  8
CONTOUR105_25
 10
79.492205056
 20
16.6903202529
 30
105.25
 70
    32
  0
VERTEX
  8
CONTOUR105_25
 10
79.4921915111
 20
16.690282544
 30
105.25
 70
    32
  0
VERTEX
  8
CONTOUR105_25
 10
79.4921921396
 20
16.6902686689
 30
105.25
 70
    32
  0
VERTEX
  8
CONTOUR105_25
 10
79.4921850958
 20
16.6902302529
 30
105.25
 70
    32
  0
VERTEX
  8
CONTOUR105_25
 10
79.4921810342
 20
16.6902043304
 30
105.25
 70
    32
  0
VERTEX
  8
CONTOUR105_25
 10
79.4921627498
 20
16.6901456053
 30
105.25
 70
    32
  0
VERTEX
  8
CONTOUR105_25
 10
79.49216162
 20
16.6901402529
 30
105.25
 70
    32
  0
VERTEX
  8
CONTOUR105_25
 10
79.4921610598
 20
16.6901368018
 30
105.25
 70
    32
  0
VERTEX
  8
CONTOUR105_25
 10
79.4921579921
 20
16.6901292754
 30
105.25
 70
    32
  0
VERTEX
  8
CONTOUR105_25
 10
79.4921412238
 20
16.6900691174
 30
105.25
 70
    32
  0
VERTEX
  8
CONTOUR105_25
 10
79.492138883
 20
16.6900502529
 30
105.25
 70
    32
  0
VERTEX
  8
CONTOUR105_25
 10
79.4921332896
 20
16.6900224626
 30
105.25
 70
    32
  0
VERTEX
  8
CONTOUR105_25
 10
79.4921300625
 20
16.6899916738
 30
105.25
 70
    32
  0
VERTEX
  8
CONTOUR105_25
 10
79.4921216747
 20
16.6899602529
 30
105.25
 70
    32
  0
VERTEX
  8
CONTOUR105_25
 10
79.4921139665
 20
16.6899197818
 30
105.25
 70
    32
  0
VERTEX
  8
CONTOUR105_25
 10
79.4921126863
 20
16.6899092838
 30
105.25
 70
    32
  0
VERTEX
  8
CONTOUR105_25
 10
79.4921061398
 20
16.6898702529
 30
105.25
 70
    32
  0
VERTEX
  8
CONTOUR105_25
 10
79.4921000559
 20
16.6898454311
 30
105.25
 70
    32
  0
VERTEX
  8
CONTOUR105_25
 10
79.4920779921
 20
16.6898009787
 30
105.25
 70
    32
  0
VERTEX
  8
CONTOUR105_25
 10
79.4920686073
 20
16.6897908109
 30
105.25
 70
    32
  0
VERTEX
  8
CONTOUR105_25
 10
79.4920610481
 20
16.6897802529
 30
105.25
 70
    32
  0
VERTEX
  8
CONTOUR105_25
 10
79.492036408
 20
16.689737035
 30
105.25
 70
    32
  0
VERTEX
  8
CONTOUR105_25
 10
79.4919979921
 20
16.6896955501
 30
105.25
 70
    32
  0
VERTEX
  8
CONTOUR105_25
 10
79.4919960014
 20
16.6896924925
 30
105.25
 70
    32
  0
VERTEX
  8
CONTOUR105_25
 10
79.4919934502
 20
16.689690253
 30
105.25
 70
    32
  0
VERTEX
  8
CONTOUR105_25
 10
79.4919906744
 20
16.6896820206
 30
105.25
 70
    32
  0
VERTEX
  8
CONTOUR105_25
 10
79.4919738317
 20
16.6896274334
 30
105.25
 70
    32
  0
VERTEX
  8
CONTOUR105_25
 10
79.4919636631
 20
16.689600253
 30
105.25
 70
    32
  0
VERTEX
  8
CONTOUR105_25
 10
79.4919392857
 20
16.6895762976
 30
105.25
 70
    32
  0
VERTEX
  8
CONTOUR105_25
 10
79.491917992
 20
16.6895171233
 30
105.25
 70
    32
  0
VERTEX
  8
CONTOUR105_25
 10
79.4919151118
 20
16.6895134932
 30
105.25
 70
    32
  0
VERTEX
  8
CONTOUR105_25
 10
79.4919127222
 20
16.689510253
 30
105.25
 70
    32
  0
SEQEND
  8
CONTOUR105_25
  0
POLYLINE
  8
CONTOUR105_375
 66
     1
 70
     8
  0
VERTEX
  8
CONTOUR105_375
 10
79.4924779922
 20
16.6910237746
 30
105.375
 70
    32
  0
VERTEX
  8
CONTOUR105_375
 10
79.4924454989
 20
16.6909868078
 30
105.375
 70
    32
  0
VERTEX
  8
CONTOUR105_375
 10
79.49241897
 20
16.6909502528
 30
105.375
 70
    32
  0
VERTEX
  8
CONTOUR105_375
 10
79.4924123691
 20
16.6909340788
 30
105.375
 70
    32
  0
VERTEX
  8
CONTOUR105_375
 10
79.4923979922
 20
16.6909221272
 30
105.375
 70
    32
  0
VERTEX
  8
CONTOUR105_375
 10
79.4923791873
 20
16.6908814083
 30
105.375
 70
    32
  0
VERTEX
  8
CONTOUR105_375
 10
79.4923726807
 20
16.6908602528
 30
105.375
 70
    32
  0
VERTEX
  8
CONTOUR105_375
 10
79.4923656431
 20
16.6908238601
 30
105.375
 70
    32
  0
VERTEX
  8
CONTOUR105_375
 10
79.4923711573
 20
16.690800442
 30
105.375
 70
    32
  0
VERTEX
  8
CONTOUR105_375
 10
79.4923465418
 20
16.6907702528
 30
105.375
 70
    32
  0
VERTEX
  8
CONTOUR105_375
 10
79.4923274448
 20
16.6907596187
 30
105.375
 70
    32
  0
VERTEX
  8
CONTOUR105_375
 10
79.4923179922
 20
16.6907497636
 30
105.375
 70
    32
  0
VERTEX
  8
CONTOUR105_375
 10
79.492304118
 20
16.6906958612
 30
105.375
 70
    32
  0
VERTEX
  8
CONTOUR105_375
 10
79.4922982945
 20
16.6906802528
 30
105.375
 70
    32
  0
VERTEX
  8
CONTOUR105_375
 10
79.4922945872
 20
16.6906539222
 30
105.375
 70
    32
  0
VERTEX
  8
CONTOUR105_375
 10
79.492290222
 20
16.6906214943
 30
105.375
 70
    32
  0
VERTEX
  8
CONTOUR105_375
 10
79.49228575
 20
16.6905902528
 30
105.375
 70
    32
  0
VERTEX
  8
CONTOUR105_375
 10
79.4922701846
 20
16.6905540364
 30
105.375
 70
    32
  0
VERTEX
  8
CONTOUR105_375
 10
79.4922632008
 20
16.6905286126
 30
105.375
 70
    32
  0
VERTEX
  8
CONTOUR105_375
 10
79.4922535776
 20
16.6905002528
 30
105.375
 70
    32
  0
VERTEX
  8
CONTOUR105_375
 10
79.4922490955
 20
16.6904877616
 30
105.375
 70
    32
  0
VERTEX
  8
CONTOUR105_375
 10
79.4922379922
 20
16.6904712691
 30
105.375
 70
    32
  0
VERTEX
  8
CONTOUR105_375
 10
79.4922104078
 20
16.6904412852
 30
105.375
 70
    32
  0
VERTEX
  8
CONTOUR105_375
 10
79.4921891947
 20
16.6904102528
 30
105.375
 70
    32
  0
VERTEX
  8
CONTOUR105_375
 10
79.492184125
 20
16.6903808533
 30
105.375
 70
    32
  0
VERTEX
  8
CONTOUR105_375
 10
79.4921801067
 20
16.6903451317
 30
105.375
 70
    32
  0
VERTEX
  8
CONTOUR105_375
 10
79.4921762754
 20
16.6903202529
 30
105.375
 70
    32
  0
VERTEX
  8
CONTOUR105_375
 10
79.4921710135
 20
16.6903056039
 30
105.375
 70
    32
  0
VERTEX
  8
CONTOUR105_375
 10
79.4921736298
 20
16.6902478453
 30
105.375
 70
    32
  0
VERTEX
  8
CONTOUR105_375
 10
79.4921704041
 20
16.6902302529
 30
105.375
 70
    32
  0
VERTEX
  8
CONTOUR105_375
 10
79.4921685441
 20
16.6902183818
 30
105.375
 70
    32
  0
VERTEX
  8
CONTOUR105_375
 10
79.4921579921
 20
16.6901844912
 30
105.375
 70
    32
  0
VERTEX
  8
CONTOUR105_375
 10
79.4921435543
 20
16.6901564955
 30
105.375
 70
    32
  0
VERTEX
  8
CONTOUR105_375
 10
79.4921419011
 20
16.6901402529
 30
105.375
 70
    32
  0
VERTEX
  8
CONTOUR105_375
 10
79.4921381292
 20
16.6901179071
 30
105.375
 70
    32
  0
VERTEX
  8
CONTOUR105_375
 10
79.4921285148
 20
16.6900834148
 30
105.375
 70
    32
  0
VERTEX
  8
CONTOUR105_375
 10
79.4921244
 20
16.6900502529
 30
105.375
 70
    32
  0
VERTEX
  8
CONTOUR105_375
 10
79.4921158321
 20
16.6900076831
 30
105.375
 70
    32
  0
VERTEX
  8
CONTOUR105_375
 10
79.4921129702
 20
16.6899996033
 30
105.375
 70
    32
  0
VERTEX
  8
CONTOUR105_375
 10
79.4921024657
 20
16.6899602529
 30
105.375
 70
    32
  0
VERTEX
  8
CONTOUR105_375
 10
79.4920981471
 20
16.6899375786
 30
105.375
 70
    32
  0
VERTEX
  8
CONTOUR105_375
 10
79.4920918364
 20
16.6898858278
 30
105.375
 70
    32
  0
VERTEX
  8
CONTOUR105_375
 10
79.4920892242
 20
16.6898702529
 30
105.375
 70
    32
  0
VERTEX
  8
CONTOUR105_375
 10
79.4920867965
 20
16.6898603481
 30
105.375
 70
    32
  0
VERTEX
  8
CONTOUR105_375
 10
79.4920779921
 20
16.6898426098
 30
105.375
 70
    32
  0
VERTEX
  8
CONTOUR105_375
 10
79.4920497564
 20
16.6898120181
 30
105.375
 70
    32
  0
VERTEX
  8
CONTOUR105_375
 10
79.4920270131
 20
16.6897802529
 30
105.375
 70
    32
  0
VERTEX
  8
CONTOUR105_375
 10
79.4920156726
 20
16.6897603622
 30
105.375
 70
    32
  0
VERTEX
  8
CONTOUR105_375
 10
79.4919979921
 20
16.6897412692
 30
105.375
 70
    32
  0
VERTEX
  8
CONTOUR105_375
 10
79.4919788196
 20
16.689711822
 30
105.375
 70
    32
  0
VERTEX
  8
CONTOUR105_375
 10
79.491954251
 20
16.689690253
 30
105.375
 70
    32
  0
VERTEX
  8
CONTOUR105_375
 10
79.4919442793
 20
16.6896606798
 30
105.375
 70
    32
  0
VERTEX
  8
CONTOUR105_375
 10
79.4919217544
 20
16.6896044855
 30
105.375
 70
    32
  0
VERTEX
  8
CONTOUR105_375
 10
79.4919201709
 20
16.689600253
 30
105.375
 70
    32
  0
VERTEX
  8
CONTOUR105_375
 10
79.4919190079
 20
16.6895991101
 30
105.375
 70
    32
  0
VERTEX
  8
CONTOUR105_375
 10
79.491917992
 20
16.6895962872
 30
105.375
 70
    32
  0
VERTEX
  8
CONTOUR105_375
 10
79.4918819248
 20
16.6895508285
 30
105.375
 70
    32
  0
VERTEX
  8
CONTOUR105_375
 10
79.4918520002
 20
16.689510253
 30
105.375
 70
    32
  0
SEQEND
  8
CONTOUR105_375
  0
POLYLINE
  8
CONTOUR105_5
 66
     1
 70
     8
  0
VERTEX
  8
CONTOUR105_5
 10
79.4924245571
 20
16.6910402528
 30
105.5
 70
    32
  0
VERTEX
  8
CONTOUR105_5
 10
79.4924113569
 20
16.6910252175
 30
105.5
 70
    32
  0
VERTEX
  8
CONTOUR105_5
 10
79.4923979922
 20
16.6910064001
 30
105.5
 70
    32
  0
VERTEX
  8
CONTOUR105_5
 10
79.492377969
 20
16.6909727788
 30
105.5
 70
    32
  0
VERTEX
  8
CONTOUR105_5
 10
79.4923721037
 20
16.6909502528
 30
105.5
 70
    32
  0
VERTEX
  8
CONTOUR105_5
 10
79.4923553507
 20
16.6909082244
 30
105.5
 70
    32
  0
VERTEX
  8
CONTOUR105_5
 10
79.4923534782
 20
16.6909001747
 30
105.5
 70
    32
  0
VERTEX
  8
CONTOUR105_5
 10
79.4923411999
 20
16.6908602528
 30
105.5
 70
    32
  0
VERTEX
  8
CONTOUR105_5
 10
79.4923370532
 20
16.6908388091
 30
105.5
 70
    32
  0
VERTEX
  8
CONTOUR105_5
 10
79.4923179922
 20
16.6908166633
 30
105.5
 70
    32
  0
VERTEX
  8
CONTOUR105_5
 10
79.4923048858
 20
16.6907849975
 30
105.5
 70
    32
  0
VERTEX
  8
CONTOUR105_5
 10
79.4923003628
 20
16.6907702528
 30
105.5
 70
    32
  0
VERTEX
  8
CONTOUR105_5
 10
79.492290902
 20
16.6907397763
 30
105.5
 70
    32
  0
VERTEX
  8
CONTOUR105_5
 10
79.4922851043
 20
16.6907172517
 30
105.5
 70
    32
  0
VERTEX
  8
CONTOUR105_5
 10
79.4922712997
 20
16.6906802528
 30
105.5
 70
    32
  0
VERTEX
  8
CONTOUR105_5
 10
79.4922667453
 20
16.6906479055
 30
105.5
 70
    32
  0
VERTEX
  8
CONTOUR105_5
 10
79.4922622043
 20
16.6906174914
 30
105.5
 70
    32
  0
VERTEX
  8
CONTOUR105_5
 10
79.4922583052
 20
16.6905902528
 30
105.5
 70
    32
  0
VERTEX
  8
CONTOUR105_5
 10
79.4922516847
 20
16.6905748487
 30
105.5
 70
    32
  0
VERTEX
  8
CONTOUR105_5
 10
79.4922379922
 20
16.6905250019
 30
105.5
 70
    32
  0
VERTEX
  8
CONTOUR105_5
 10
79.4922309309
 20
16.6905081968
 30
105.5
 70
    32
  0
VERTEX
  8
CONTOUR105_5
 10
79.4922257439
 20
16.6905002528
 30
105.5
 70
    32
  0
VERTEX
  8
CONTOUR105_5
 10
79.4921911849
 20
16.6904629109
 30
105.5
 70
    32
  0
VERTEX
  8
CONTOUR105_5
 10
79.4921579921
 20
16.6904120575
 30
105.5
 70
    32
  0
VERTEX
  8
CONTOUR105_5
 10
79.4921575523
 20
16.6904107476
 30
105.5
 70
    32
  0
VERTEX
  8
CONTOUR105_5
 10
79.4921573868
 20
16.6904102528
 30
105.5
 70
    32
  0
VERTEX
  8
CONTOUR105_5
 10
79.4921572764
 20
16.6904094476
 30
105.5
 70
    32
  0
VERTEX
  8
CONTOUR105_5
 10
79.4921510734
 20
16.6903280364
 30
105.5
 70
    32
  0
VERTEX
  8
CONTOUR105_5
 10
79.4921498178
 20
16.6903202529
 30
105.5
 70
    32
  0
VERTEX
  8
CONTOUR105_5
 10
79.4921476741
 20
16.6903086451
 30
105.5
 70
    32
  0
VERTEX
  8
CONTOUR105_5
 10
79.4921528389
 20
16.6902360502
 30
105.5
 70
    32
  0
VERTEX
  8
CONTOUR105_5
 10
79.4921505466
 20
16.6902302529
 30
105.5
 70
    32
  0
VERTEX
  8
CONTOUR105_5
 10
79.4921476674
 20
16.6902186375
 30
105.5
 70
    32
  0
VERTEX
  8
CONTOUR105_5
 10
79.4921258762
 20
16.6901763834
 30
105.5
 70
    32
  0
VERTEX
  8
CONTOUR105_5
 10
79.4921221988
 20
16.6901402529
 30
105.5
 70
    32
  0
VERTEX
  8
CONTOUR105_5
 10
79.4921151438
 20
16.6900984572
 30
105.5
 70
    32
  0
VERTEX
  8
CONTOUR105_5
 10
79.4921150966
 20
16.6900919954
 30
105.5
 70
    32
  0
VERTEX
  8
CONTOUR105_5
 10
79.4921099171
 20
16.6900502529
 30
105.5
 70
    32
  0
VERTEX
  8
CONTOUR105_5
 10
79.492104023
 20
16.6900209682
 30
105.5
 70
    32
  0
VERTEX
  8
CONTOUR105_5
 10
79.4920855164
 20
16.6899687177
 30
105.5
 70
    32
  0
VERTEX
  8
CONTOUR105_5
 10
79.4920832566
 20
16.6899602529
 30
105.5
 70
    32
  0
VERTEX
  8
CONTOUR105_5
 10
79.4920823278
 20
16.6899553753
 30
105.5
 70
    32
  0
VERTEX
  8
CONTOUR105_5
 10
79.4920779921
 20
16.6899198211
 30
105.5
 70
    32
  0
VERTEX
  8
CONTOUR105_5
 10
79.4920689451
 20
16.6898804308
 30
105.5
 70
    32
  0
VERTEX
  8
CONTOUR105_5
 10
79.4920631695
 20
16.6898702529
 30
105.5
 70
    32
  0
VERTEX
  8
CONTOUR105_5
 10
79.4920298786
 20
16.6898343805
 30
105.5
 70
    32
  0
VERTEX
  8
CONTOUR105_5
 10
79.4919979921
 20
16.6897884133
 30
105.5
 70
    32
  0
VERTEX
  8
CONTOUR105_5
 10
79.4919956449
 20
16.6897828935
 30
105.5
 70
    32
  0
VERTEX
  8
CONTOUR105_5
 10
79.4919944575
 20
16.6897802529
 30
105.5
 70
    32
  0
VERTEX
  8
CONTOUR105_5
 10
79.4919816008
 20
16.6897618127
 30
105.5
 70
    32
  0
VERTEX
  8
CONTOUR105_5
 10
79.4919616378
 20
16.6897311515
 30
105.5
 70
    32
  0
VERTEX
  8
CONTOUR105_5
 10
79.4919284395
 20
16.6897020064
 30
105.5
 70
    32
  0
VERTEX
  8
CONTOUR105_5
 10
79.491917992
 20
16.6896923226
 30
105.5
 70
    32
  0
VERTEX
  8
CONTOUR105_5
 10
79.4919169898
 20
16.6896913805
 30
105.5
 70
    32
  0
VERTEX
  8
CONTOUR105_5
 10
79.4919163733
 20
16.689690253
 30
105.5
 70
    32
  0
VERTEX
  8
CONTOUR105_5
 10
79.4919142266
 20
16.6896860168
 30
105.5
 70
    32
  0
VERTEX
  8
CONTOUR105_5
 10
79.4918952636
 20
16.6896258225
 30
105.5
 70
    32
  0
VERTEX
  8
CONTOUR105_5
 10
79.4918562064
 20
16.689600253
 30
105.5
 70
    32
  0
VERTEX
  8
CONTOUR105_5
 10
79.4918476355
 20
16.689589404
 30
105.5
 70
    32
  0
VERTEX
  8
CONTOUR105_5
 10
79.491837992
 20
16.6895762352
 30
105.5
 70
    32
  0
VERTEX
  8
CONTOUR105_5
 10
79.491818605
 20
16.6895320634
 30
105.5
 70
    32
  0
VERTEX
  8
CONTOUR105_5
 10
79.4918077425
 20
16.689510253
 30
105.5
 70
    32
  0
SEQEND
  8
CONTOUR105_5
  0
POLYLINE
  8
CONTOUR105_625
 66
     1
 70
     8
  0
VERTEX
  8
CONTOUR105_625
 10
79.4923859045
 20
16.6912202527
 30
105.625
 70
    32
  0
VERTEX
  8
CONTOUR105_625
 10
79.4923683134
 20
16.6911868641
 30
105.625
 70
    32
  0
VERTEX
  8
CONTOUR105_625
 10
79.4923633944
 20
16.6911691752
 30
105.625
 70
    32
  0
VERTEX
  8
CONTOUR105_625
 10
79.4923476711
 20
16.6911636415
 30
105.625
 70
    32
  0
VERTEX
  8
CONTOUR105_625
 10
79.4923179922
 20
16.6911438516
 30
105.625
 70
    32
  0
VERTEX
  8
CONTOUR105_625
 10
79.4923124856
 20
16.6911364476
 30
105.625
 70
    32
  0
VERTEX
  8
CONTOUR105_625
 10
79.4923074985
 20
16.6911302527
 30
105.625
 70
    32
  0
VERTEX
  8
CONTOUR105_625
 10
79.4923111067
 20
16.6911225066
 30
105.625
 70
    32
  0
VERTEX
  8
CONTOUR105_625
 10
79.4923179922
 20
16.691110592
 30
105.625
 70
    32
  0
VERTEX
  8
CONTOUR105_625
 10
79.492348466
 20
16.6910745358
 30
105.625
 70
    32
  0
VERTEX
  8
CONTOUR105_625
 10
79.4923520582
 20
16.6910402528
 30
105.625
 70
    32
  0
VERTEX
  8
CONTOUR105_625
 10
79.4923401976
 20
16.6910152717
 30
105.625
 70
    32
  0
VERTEX
  8
CONTOUR105_625
 10
79.4923368182
 20
16.690971432
 30
105.625
 70
    32
  0
VERTEX
  8
CONTOUR105_625
 10
79.4923313035
 20
16.6909502528
 30
105.625
 70
    32
  0
VERTEX
  8
CONTOUR105_625
 10
79.4923271822
 20
16.6909399139
 30
105.625
 70
    32
  0
VERTEX
  8
CONTOUR105_625
 10
79.4923179922
 20
16.6909004049
 30
105.625
 70
    32
  0
VERTEX
  8
CONTOUR105_625
 10
79.4923116526
 20
16.6908673849
 30
105.625
 70
    32
  0
VERTEX
  8
CONTOUR105_625
 10
79.4923109277
 20
16.6908602528
 30
105.625
 70
    32
  0
VERTEX
  8
CONTOUR105_625
 10
79.4923059566
 20
16.6908467128
 30
105.625
 70
    32
  0
VERTEX
  8
CONTOUR105_625
 10
79.492288188
 20
16.6908037826
 30
105.625
 70
    32
  0
VERTEX
  8
CONTOUR105_625
 10
79.4922779027
 20
16.6907702528
 30
105.625
 70
    32
  0
VERTEX
  8
CONTOUR105_625
 10
79.4922675722
 20
16.6907369752
 30
105.625
 70
    32
  0
VERTEX
  8
CONTOUR105_625
 10
79.4922488716
 20
16.6906924921
 30
105.625
 70
    32
  0
VERTEX
  8
CONTOUR105_625
 10
79.492244305
 20
16.6906802528
 30
105.625
 70
    32
  0
VERTEX
  8
CONTOUR105_625
 10
79.4922434418
 20
16.690674122
 30
105.625
 70
    32
  0
VERTEX
  8
CONTOUR105_625
 10
79.4922379922
 20
16.6906376227
 30
105.625
 70
    32
  0
VERTEX
  8
CONTOUR105_625
 10
79.4922317261
 20
16.6905973021
 30
105.625
 70
    32
  0
VERTEX
  8
CONTOUR105_625
 10
79.4922296288
 20
16.6905902528
 30
105.625
 70
    32
  0
VERTEX
  8
CONTOUR105_625
 10
79.4922197365
 20
16.6905697152
 30
105.625
 70
    32
  0
VERTEX
  8
CONTOUR105_625
 10
79.4922057774
 20
16.6905364944
 30
105.625
 70
    32
  0
VERTEX
  8
CONTOUR105_625
 10
79.4921821138
 20
16.6905002528
 30
105.625
 70
    32
  0
VERTEX
  8
CONTOUR105_625
 10
79.4921698098
 20
16.690486958
 30
105.625
 70
    32
  0
VERTEX
  8
CONTOUR105_625
 10
79.4921579921
 20
16.6904688527
 30
105.625
 70
    32
  0
VERTEX
  8
CONTOUR105_625
 10
79.492143711
 20
16.6904263192
 30
105.625
 70
    32
  0
VERTEX
  8
CONTOUR105_625
 10
79.4921383361
 20
16.6904102528
 30
105.625
 70
    32
  0
VERTEX
  8
CONTOUR105_625
 10
79.4921347507
 20
16.6903841062
 30
105.625
 70
    32
  0
VERTEX
  8
CONTOUR105_625
 10
79.4921321046
 20
16.6903493764
 30
105.625
 70
    32
  0
VERTEX
  8
CONTOUR105_625
 10
79.4921274063
 20
16.6903202529
 30
105.625
 70
    32
  0
VERTEX
  8
CONTOUR105_625
 10
79.4921193852
 20
16.69027682
 30
105.625
 70
    32
  0
VERTEX
  8
CONTOUR105_625
 10
79.4921196276
 20
16.6902734129
 30
105.625
 70
    32
  0
VERTEX
  8
CONTOUR105_625
 10
79.4921025617
 20
16.6902302529
 30
105.625
 70
    32
  0
VERTEX
  8
CONTOUR105_625
 10
79.4920972041
 20
16.6902086393
 30
105.625
 70
    32
  0
VERTEX
  8
CONTOUR105_625
 10
79.4921056651
 20
16.690171385
 30
105.625
 70
    32
  0
VERTEX
  8
CONTOUR105_625
 10
79.4921024966
 20
16.6901402529
 30
105.625
 70
    32
  0
VERTEX
  8
CONTOUR105_625
 10
79.4920985859
 20
16.690117085
 30
105.625
 70
    32
  0
VERTEX
  8
CONTOUR105_625
 10
79.492098264
 20
16.6900730588
 30
105.625
 70
    32
  0
VERTEX
  8
CONTOUR105_625
 10
79.4920954341
 20
16.6900502529
 30
105.625
 70
    32
  0
VERTEX
  8
CONTOUR105_625
 10
79.492092214
 20
16.6900342534
 30
105.625
 70
    32
  0
VERTEX
  8
CONTOUR105_625
 10
79.4920779921
 20
16.6899941002
 30
105.625
 70
    32
  0
VERTEX
  8
CONTOUR105_625
 10
79.492063302
 20
16.6899767792
 30
105.625
 70
    32
  0
VERTEX
  8
CONTOUR105_625
 10
79.4920580262
 20
16.6899602529
 30
105.625
 70
    32
  0
VERTEX
  8
CONTOUR105_625
 10
79.4920448255
 20
16.6899229405
 30
105.625
 70
    32
  0
VERTEX
  8
CONTOUR105_625
 10
79.4920420192
 20
16.6899107223
 30
105.625
 70
    32
  0
VERTEX
  8
CONTOUR105_625
 10
79.4920190544
 20
16.6898702529
 30
105.625
 70
    32
  0
VERTEX
  8
CONTOUR105_625
 10
79.4920082963
 20
16.6898586606
 30
105.625
 70
    32
  0
VERTEX
  8
CONTOUR105_625
 10
79.4919979921
 20
16.689843806
 30
105.625
 70
    32
  0
VERTEX
  8
CONTOUR105_625
 10
79.4919797123
 20
16.6898008177
 30
105.625
 70
    32
  0
VERTEX
  8
CONTOUR105_625
 10
79.491970464
 20
16.6897802529
 30
105.625
 70
    32
  0
VERTEX
  8
CONTOUR105_625
 10
79.4919473987
 20
16.6897471705
 30
105.625
 70
    32
  0
VERTEX
  8
CONTOUR105_625
 10
79.491917992
 20
16.6897199135
 30
105.625
 70
    32
  0
VERTEX
  8
CONTOUR105_625
 10
79.4919036284
 20
16.6897064121
 30
105.625
 70
    32
  0
VERTEX
  8
CONTOUR105_625
 10
79.491894794
 20
16.689690253
 30
105.625
 70
    32
  0
VERTEX
  8
CONTOUR105_625
 10
79.491874169
 20
16.6896495538
 30
105.625
 70
    32
  0
VERTEX
  8
CONTOUR105_625
 10
79.491837992
 20
16.6896195827
 30
105.625
 70
    32
  0
VERTEX
  8
CONTOUR105_625
 10
79.4918280093
 20
16.6896114834
 30
105.625
 70
    32
  0
VERTEX
  8
CONTOUR105_625
 10
79.4918119979
 20
16.689600253
 30
105.625
 70
    32
  0
VERTEX
  8
CONTOUR105_625
 10
79.491793652
 20
16.6895601354
 30
105.625
 70
    32
  0
VERTEX
  8
CONTOUR105_625
 10
79.4917817123
 20
16.6895369383
 30
105.625
 70
    32
  0
VERTEX
  8
CONTOUR105_625
 10
79.4917684219
 20
16.689510253
 30
105.625
 70
    32
  0
SEQEND
  8
CONTOUR105_625
  0
POLYLINE
  8
CONTOUR105_75
 66
     1
 70
     8
  0
VERTEX
  8
CONTOUR105_75
 10
79.4922965694
 20
16.6912202527
 30
105.75
 70
    32
  0
VERTEX
  8
CONTOUR105_75
 10
79.4922697863
 20
16.6911844843
 30
105.75
 70
    32
  0
VERTEX
  8
CONTOUR105_75
 10
79.4922379922
 20
16.6911451396
 30
105.75
 70
    32
  0
VERTEX
  8
CONTOUR105_75
 10
79.4922341073
 20
16.6911346233
 30
105.75
 70
    32
  0
VERTEX
  8
CONTOUR105_75
 10
79.4922333917
 20
16.6911302527
 30
105.75
 70
    32
  0
VERTEX
  8
CONTOUR105_75
 10
79.4922340481
 20
16.6911258157
 30
105.75
 70
    32
  0
VERTEX
  8
CONTOUR105_75
 10
79.4922379922
 20
16.691098881
 30
105.75
 70
    32
  0
VERTEX
  8
CONTOUR105_75
 10
79.4922550043
 20
16.6910593913
 30
105.75
 70
    32
  0
VERTEX
  8
CONTOUR105_75
 10
79.4922655275
 20
16.6910402528
 30
105.75
 70
    32
  0
VERTEX
  8
CONTOUR105_75
 10
79.4922894765
 20
16.6910081725
 30
105.75
 70
    32
  0
VERTEX
  8
CONTOUR105_75
 10
79.4922877816
 20
16.6909842397
 30
105.75
 70
    32
  0
VERTEX
  8
CONTOUR105_75
 10
79.4922962439
 20
16.6909502528
 30
105.75
 70
    32
  0
VERTEX
  8
CONTOUR105_75
 10
79.4922927833
 20
16.6909218927
 30
105.75
 70
    32
  0
VERTEX
  8
CONTOUR105_75
 10
79.4922875286
 20
16.6908945243
 30
105.75
 70
    32
  0
VERTEX
  8
CONTOUR105_75
 10
79.4922840457
 20
16.6908602528
 30
105.75
 70
    32
  0
VERTEX
  8
CONTOUR105_75
 10
79.4922705843
 20
16.6908235868
 30
105.75
 70
    32
  0
VERTEX
  8
CONTOUR105_75
 10
79.4922646378
 20
16.690800229
 30
105.75
 70
    32
  0
VERTEX
  8
CONTOUR105_75
 10
79.4922554426
 20
16.6907702528
 30
105.75
 70
    32
  0
VERTEX
  8
CONTOUR105_75
 10
79.4922509257
 20
16.6907557026
 30
105.75
 70
    32
  0
VERTEX
  8
CONTOUR105_75
 10
79.4922379922
 20
16.6907249378
 30
105.75
 70
    32
  0
VERTEX
  8
CONTOUR105_75
 10
79.4922236083
 20
16.6906964345
 30
105.75
 70
    32
  0
VERTEX
  8
CONTOUR105_75
 10
79.4922186096
 20
16.6906802528
 30
105.75
 70
    32
  0
VERTEX
  8
CONTOUR105_75
 10
79.492211689
 20
16.6906506619
 30
105.75
 70
    32
  0
VERTEX
  8
CONTOUR105_75
 10
79.4922076124
 20
16.6906244299
 30
105.75
 70
    32
  0
VERTEX
  8
CONTOUR105_75
 10
79.4921974438
 20
16.6905902528
 30
105.75
 70
    32
  0
VERTEX
  8
CONTOUR105_75
 10
79.4921835789
 20
16.6905614677
 30
105.75
 70
    32
  0
VERTEX
  8
CONTOUR105_75
 10
79.4921579921
 20
16.6905243078
 30
105.75
 70
    32
  0
VERTEX
  8
CONTOUR105_75
 10
79.4921506282
 20
16.6905085373
 30
105.75
 70
    32
  0
VERTEX
  8
CONTOUR105_75
 10
79.4921494569
 20
16.6905002528
 30
105.75
 70
    32
  0
VERTEX
  8
CONTOUR105_75
 10
79.4921442895
 20
16.6904848373
 30
105.75
 70
    32
  0
VERTEX
  8
CONTOUR105_75
 10
79.4921298696
 20
16.6904418907
 30
105.75
 70
    32
  0
VERTEX
  8
CONTOUR105_75
 10
79.4921192855
 20
16.6904102528
 30
105.75
 70
    32
  0
VERTEX
  8
CONTOUR105_75
 10
79.4921137666
 20
16.6903700066
 30
105.75
 70
    32
  0
VERTEX
  8
CONTOUR105_75
 10
79.4921109821
 20
16.6903573665
 30
105.75
 70
    32
  0
VERTEX
  8
CONTOUR105_75
 10
79.4921049947
 20
16.6903202529
 30
105.75
 70
    32
  0
VERTEX
  8
CONTOUR105_75
 10
79.4921003498
 20
16.6902951006
 30
105.75
 70
    32
  0
VERTEX
  8
CONTOUR105_75
 10
79.4920779921
 20
16.6902561961
 30
105.75
 70
    32
  0
VERTEX
  8
CONTOUR105_75
 10
79.4920714333
 20
16.6902376315
 30
105.75
 70
    32
  0
VERTEX
  8
CONTOUR105_75
 10
79.492067938
 20
16.6902302529
 30
105.75
 70
    32
  0
VERTEX
  8
CONTOUR105_75
 10
79.4920677295
 20
16.6902187075
 30
105.75
 70
    32
  0
VERTEX
  8
CONTOUR105_75
 10
79.4920779921
 20
16.6901702323
 30
105.75
 70
    32
  0
VERTEX
  8
CONTOUR105_75
 10
79.4920834152
 20
16.6901463539
 30
105.75
 70
    32
  0
VERTEX
  8
CONTOUR105_75
 10
79.4920827942
 20
16.6901402529
 30
105.75
 70
    32
  0
VERTEX
  8
CONTOUR105_75
 10
79.4920820279
 20
16.6901357127
 30
105.75
 70
    32
  0
VERTEX
  8
CONTOUR105_75
 10
79.4920814314
 20
16.6900541221
 30
105.75
 70
    32
  0
VERTEX
  8
CONTOUR105_75
 10
79.4920809513
 20
16.6900502529
 30
105.75
 70
    32
  0
VERTEX
  8
CONTOUR105_75
 10
79.4920804049
 20
16.6900475384
 30
105.75
 70
    32
  0
VERTEX
  8
CONTOUR105_75
 10
79.4920779921
 20
16.6900407263
 30
105.75
 70
    32
  0
VERTEX
  8
CONTOUR105_75
 10
79.4920430659
 20
16.6899995448
 30
105.75
 70
    32
  0
VERTEX
  8
CONTOUR105_75
 10
79.4920305225
 20
16.6899602529
 30
105.75
 70
    32
  0
VERTEX
  8
CONTOUR105_75
 10
79.492021261
 20
16.6899340753
 30
105.75
 70
    32
  0
VERTEX
  8
CONTOUR105_75
 10
79.4919979921
 20
16.6898978315
 30
105.75
 70
    32
  0
VERTEX
  8
CONTOUR105_75
 10
79.4919906826
 20
16.6898784762
 30
105.75
 70
    32
  0
VERTEX
  8
CONTOUR105_75
 10
79.4919859047
 20
16.6898702529
 30
105.75
 70
    32
  0
VERTEX
  8
CONTOUR105_75
 10
79.4919743954
 20
16.6898437066
 30
105.75
 70
    32
  0
VERTEX
  8
CONTOUR105_75
 10
79.4919637797
 20
16.6898187418
 30
105.75
 70
    32
  0
VERTEX
  8
CONTOUR105_75
 10
79.4919464706
 20
16.6897802529
 30
105.75
 70
    32
  0
VERTEX
  8
CONTOUR105_75
 10
79.4919339521
 20
16.6897622979
 30
105.75
 70
    32
  0
VERTEX
  8
CONTOUR105_75
 10
79.491917992
 20
16.6897475044
 30
105.75
 70
    32
  0
VERTEX
  8
CONTOUR105_75
 10
79.4918902669
 20
16.6897214438
 30
105.75
 70
    32
  0
VERTEX
  8
CONTOUR105_75
 10
79.4918732146
 20
16.689690253
 30
105.75
 70
    32
  0
VERTEX
  8
CONTOUR105_75
 10
79.4918604251
 20
16.6896650156
 30
105.75
 70
    32
  0
VERTEX
  8
CONTOUR105_75
 10
79.491837992
 20
16.6896464307
 30
105.75
 70
    32
  0
VERTEX
  8
CONTOUR105_75
 10
79.491814144
 20
16.689627082
 30
105.75
 70
    32
  0
VERTEX
  8
CONTOUR105_75
 10
79.4917758936
 20
16.689600253
 30
105.75
 70
    32
  0
VERTEX
  8
CONTOUR105_75
 10
79.4917698124
 20
16.689586955
 30
105.75
 70
    32
  0
VERTEX
  8
CONTOUR105_75
 10
79.491757992
 20
16.6895639897
 30
105.75
 70
    32
  0
VERTEX
  8
CONTOUR105_75
 10
79.4917449637
 20
16.6895249099
 30
105.75
 70
    32
  0
VERTEX
  8
CONTOUR105_75
 10
79.4917410637
 20
16.689510253
 30
105.75
 70
    32
  0
SEQEND
  8
CONTOUR105_75
  0
POLYLINE
  8
CONTOUR105_875
 66
     1
 70
     8
  0
VERTEX
  8
CONTOUR105_875
 10
79.4922275826
 20
16.6912202527
 30
105.875
 70
    32
  0
VERTEX
  8
CONTOUR105_875
 10
79.4922236605
 20
16.6912041297
 30
105.875
 70
    32
  0
VERTEX
  8
CONTOUR105_875
 10
79.4922085888
 20
16.6911633314
 30
105.875
 70
    32
  0
VERTEX
  8
CONTOUR105_875
 10
79.4922031728
 20
16.6911302527
 30
105.875
 70
    32
  0
VERTEX
  8
CONTOUR105_875
 10
79.4922081418
 20
16.6910966711
 30
105.875
 70
    32
  0
VERTEX
  8
CONTOUR105_875
 10
79.4922121452
 20
16.6910693305
 30
105.875
 70
    32
  0
VERTEX
  8
CONTOUR105_875
 10
79.4922164351
 20
16.6910402528
 30
105.875
 70
    32
  0
VERTEX
  8
CONTOUR105_875
 10
79.4922201129
 20
16.6910201385
 30
105.875
 70
    32
  0
VERTEX
  8
CONTOUR105_875
 10
79.4922379922
 20
16.6909978908
 30
105.875
 70
    32
  0
VERTEX
  8
CONTOUR105_875
 10
79.4922582811
 20
16.6909730779
 30
105.875
 70
    32
  0
VERTEX
  8
CONTOUR105_875
 10
79.4922639643
 20
16.6909502528
 30
105.875
 70
    32
  0
VERTEX
  8
CONTOUR105_875
 10
79.4922608292
 20
16.6909245611
 30
105.875
 70
    32
  0
VERTEX
  8
CONTOUR105_875
 10
79.4922596385
 20
16.6908846049
 30
105.875
 70
    32
  0
VERTEX
  8
CONTOUR105_875
 10
79.4922571638
 20
16.6908602528
 30
105.875
 70
    32
  0
VERTEX
  8
CONTOUR105_875
 10
79.4922515599
 20
16.6908449891
 30
105.875
 70
    32
  0
VERTEX
  8
CONTOUR105_875
 10
79.4922379922
 20
16.6907916948
 30
105.875
 70
    32
  0
VERTEX
  8
CONTOUR105_875
 10
79.4922319652
 20
16.6907770331
 30
105.875
 70
    32
  0
VERTEX
  8
CONTOUR105_875
 10
79.4922301449
 20
16.6907702528
 30
105.875
 70
    32
  0
VERTEX
  8
CONTOUR105_875
 10
79.4922228053
 20
16.6907531677
 30
105.875
 70
    32
  0
VERTEX
  8
CONTOUR105_875
 10
79.4922048342
 20
16.6907175555
 30
105.875
 70
    32
  0
VERTEX
  8
CONTOUR105_875
 10
79.4921933108
 20
16.6906802528
 30
105.875
 70
    32
  0
VERTEX
  8
CONTOUR105_875
 10
79.4921859539
 20
16.6906487958
 30
105.875
 70
    32
  0
VERTEX
  8
CONTOUR105_875
 10
79.4921689148
 20
16.6906025409
 30
105.875
 70
    32
  0
VERTEX
  8
CONTOUR105_875
 10
79.4921652588
 20
16.6905902528
 30
105.875
 70
    32
  0
VERTEX
  8
CONTOUR105_875
 10
79.492162705
 20
16.6905849509
 30
105.875
 70
    32
  0
VERTEX
  8
CONTOUR105_875
 10
79.4921579921
 20
16.6905781064
 30
105.875
 70
    32
  0
VERTEX
  8
CONTOUR105_875
 10
79.4921341589
 20
16.6905270653
 30
105.875
 70
    32
  0
VERTEX
  8
CONTOUR105_875
 10
79.4921303681
 20
16.6905002528
 30
105.875
 70
    32
  0
VERTEX
  8
CONTOUR105_875
 10
79.4921160253
 20
16.6904574655
 30
105.875
 70
    32
  0
VERTEX
  8
CONTOUR105_875
 10
79.4921136579
 20
16.6904503768
 30
105.875
 70
    32
  0
VERTEX
  8
CONTOUR105_875
 10
79.4921002349
 20
16.6904102528
 30
105.875
 70
    32
  0
VERTEX
  8
CONTOUR105_875
 10
79.4920972621
 20
16.6903885741
 30
105.875
 70
    32
  0
VERTEX
  8
CONTOUR105_875
 10
79.4920836013
 20
16.6903265632
 30
105.875
 70
    32
  0
VERTEX
  8
CONTOUR105_875
 10
79.4920825833
 20
16.6903202529
 30
105.875
 70
    32
  0
VERTEX
  8
CONTOUR105_875
 10
79.4920817935
 20
16.6903159763
 30
105.875
 70
    32
  0
VERTEX
  8
CONTOUR105_875
 10
79.4920779921
 20
16.6903093615
 30
105.875
 70
    32
  0
VERTEX
  8
CONTOUR105_875
 10
79.4920579924
 20
16.6902527525
 30
105.875
 70
    32
  0
VERTEX
  8
CONTOUR105_875
 10
79.4920473344
 20
16.6902302529
 30
105.875
 70
    32
  0
VERTEX
  8
CONTOUR105_875
 10
79.4920466985
 20
16.6901950476
 30
105.875
 70
    32
  0
VERTEX
  8
CONTOUR105_875
 10
79.4920521423
 20
16.6901693338
 30
105.875
 70
    32
  0
VERTEX
  8
CONTOUR105_875
 10
79.4920512407
 20
16.6901402529
 30
105.875
 70
    32
  0
VERTEX
  8
CONTOUR105_875
 10
79.4920415482
 20
16.6900992535
 30
105.875
 70
    32
  0
VERTEX
  8
CONTOUR105_875
 10
79.4920413869
 20
16.6900914335
 30
105.875
 70
    32
  0
VERTEX
  8
CONTOUR105_875
 10
79.4920220304
 20
16.6900502529
 30
105.875
 70
    32
  0
VERTEX
  8
CONTOUR105_875
 10
79.4920105226
 20
16.6900361562
 30
105.875
 70
    32
  0
VERTEX
  8
CONTOUR105_875
 10
79.4920058356
 20
16.6899690768
 30
105.875
 70
    32
  0
VERTEX
  8
CONTOUR105_875
 10
79.4920030187
 20
16.6899602529
 30
105.875
 70
    32
  0
VERTEX
  8
CONTOUR105_875
 10
79.4920015876
 20
16.6899562079
 30
105.875
 70
    32
  0
VERTEX
  8
CONTOUR105_875
 10
79.4919979921
 20
16.6899506077
 30
105.875
 70
    32
  0
VERTEX
  8
CONTOUR105_875
 10
79.4919766946
 20
16.6898942126
 30
105.875
 70
    32
  0
VERTEX
  8
CONTOUR105_875
 10
79.4919627734
 20
16.6898702529
 30
105.875
 70
    32
  0
VERTEX
  8
CONTOUR105_875
 10
79.4919480922
 20
16.6898363904
 30
105.875
 70
    32
  0
VERTEX
  8
CONTOUR105_875
 10
79.49192707
 20
16.6897904656
 30
105.875
 70
    32
  0
VERTEX
  8
CONTOUR105_875
 10
79.4919224772
 20
16.6897802529
 30
105.875
 70
    32
  0
VERTEX
  8
CONTOUR105_875
 10
79.4919205057
 20
16.6897774252
 30
105.875
 70
    32
  0
VERTEX
  8
CONTOUR105_875
 10
79.491917992
 20
16.6897750953
 30
105.875
 70
    32
  0
VERTEX
  8
CONTOUR105_875
 10
79.4918901179
 20
16.6897488946
 30
105.875
 70
    32
  0
VERTEX
  8
CONTOUR105_875
 10
79.4918763752
 20
16.6897370718
 30
105.875
 70
    32
  0
VERTEX
  8
CONTOUR105_875
 10
79.4918734334
 20
16.6897301246
 30
105.875
 70
    32
  0
VERTEX
  8
CONTOUR105_875
 10
79.4918516353
 20
16.689690253
 30
105.875
 70
    32
  0
VERTEX
  8
CONTOUR105_875
 10
79.4918466814
 20
16.6896804774
 30
105.875
 70
    32
  0
VERTEX
  8
CONTOUR105_875
 10
79.491837992
 20
16.6896732787
 30
105.875
 70
    32
  0
VERTEX
  8
CONTOUR105_875
 10
79.4918002786
 20
16.6896426805
 30
105.875
 70
    32
  0
VERTEX
  8
CONTOUR105_875
 10
79.491788133
 20
16.6896341615
 30
105.875
 70
    32
  0
VERTEX
  8
CONTOUR105_875
 10
79.491757992
 20
16.6896123345
 30
105.875
 70
    32
  0
VERTEX
  8
CONTOUR105_875
 10
79.4917514589
 20
16.6896076027
 30
105.875
 70
    32
  0
VERTEX
  8
CONTOUR105_875
 10
79.4917449388
 20
16.689600253
 30
105.875
 70
    32
  0
VERTEX
  8
CONTOUR105_875
 10
79.4917383222
 20
16.6895781244
 30
105.875
 70
    32
  0
VERTEX
  8
CONTOUR105_875
 10
79.4917272319
 20
16.689544858
 30
105.875
 70
    32
  0
VERTEX
  8
CONTOUR105_875
 10
79.491718024
 20
16.689510253
 30
105.875
 70
    32
  0
SEQEND
  8
CONTOUR105_875
  0
POLYLINE
  8
CONTOUR106
 66
     1
 70
     8
 39
1.95400004304e-06
 40
1.95400004304e-06
 41
1.95400004304e-06
  0
VERTEX
  8
CONTOUR106
 10
79.4921826859
 20
16.6912202527
 30
106
 70
    32
 39
1.95400004304e-06
 40
1.95400004304e-06
 41
1.95400004304e-06
  0
VERTEX
  8
CONTOUR106
 10
79.4921773799
 20
16.6911984414
 30
106
 70
    32
 39
1.95400004304e-06
 40
1.95400004304e-06
 41
1.95400004304e-06
  0
VERTEX
  8
CONTOUR106
 10
79.4921763322
 20
16.6911508853
 30
106
 70
    32
 39
1.95400004304e-06
 40
1.95400004304e-06
 41
1.95400004304e-06
  0
SEQEND
  8
CONTOUR106
  0
TEXT
  8
CONTOUR106
 10
79.4921175171
 20
16.6911109322
 30
106
 40
3.90800014429e-05
  1
106
  0
POLYLINE
  8
CONTOUR106
 66
     1
 70
     8
 39
1.95400004304e-06
 40
1.95400004304e-06
 41
1.95400004304e-06
  0
VERTEX
  8
CONTOUR106
 10
79.492175942
 20
16.6911100592
 30
106
 70
    32
 39
1.95400004304e-06
 40
1.95400004304e-06
 41
1.95400004304e-06
  0
VERTEX
  8
CONTOUR106
 10
79.492175942
 20
16.6911100592
 30
106
 70
    32
 39
1.95400004304e-06
 40
1.95400004304e-06
 41
1.95400004304e-06
  0
VERTEX
  8
CONTOUR106
 10
79.4921822754
 20
16.6910675716
 30
106
 70
    32
 39
1.95400004304e-06
 40
1.95400004304e-06
 41
1.95400004304e-06
  0
VERTEX
  8
CONTOUR106
 10
79.4921863058
 20
16.6910402528
 30
106
 70
    32
 39
1.95400004304e-06
 40
1.95400004304e-06
 41
1.95400004304e-06
  0
VERTEX
  8
CONTOUR106
 10
79.4921936383
 20
16.6910001508
 30
106
 70
    32
 39
1.95400004304e-06
 40
1.95400004304e-06
 41
1.95400004304e-06
  0
VERTEX
  8
CONTOUR106
 10
79.4921906673
 20
16.6909870124
 30
106
 70
    32
 39
1.95400004304e-06
 40
1.95400004304e-06
 41
1.95400004304e-06
  0
VERTEX
  8
CONTOUR106
 10
79.492215895
 20
16.6909502528
 30
106
 70
    32
 39
1.95400004304e-06
 40
1.95400004304e-06
 41
1.95400004304e-06
  0
VERTEX
  8
CONTOUR106
 10
79.4922243971
 20
16.6909349583
 30
106
 70
    32
 39
1.95400004304e-06
 40
1.95400004304e-06
 41
1.95400004304e-06
  0
VERTEX
  8
CONTOUR106
 10
79.4922207742
 20
16.6908796229
 30
106
 70
    32
 39
1.95400004304e-06
 40
1.95400004304e-06
 41
1.95400004304e-06
  0
VERTEX
  8
CONTOUR106
 10
79.4922250655
 20
16.6908602528
 30
106
 70
    32
 39
1.95400004304e-06
 40
1.95400004304e-06
 41
1.95400004304e-06
  0
VERTEX
  8
CONTOUR106
 10
79.4922169076
 20
16.6908365327
 30
106
 70
    32
 39
1.95400004304e-06
 40
1.95400004304e-06
 41
1.95400004304e-06
  0
VERTEX
  8
CONTOUR106
 10
79.4922049449
 20
16.6908074309
 30
106
 70
    32
 39
1.95400004304e-06
 40
1.95400004304e-06
 41
1.95400004304e-06
  0
VERTEX
  8
CONTOUR106
 10
79.4921949634
 20
16.6907702528
 30
106
 70
    32
 39
1.95400004304e-06
 40
1.95400004304e-06
 41
1.95400004304e-06
  0
VERTEX
  8
CONTOUR106
 10
79.4921829175
 20
16.6907422118
 30
106
 70
    32
 39
1.95400004304e-06
 40
1.95400004304e-06
 41
1.95400004304e-06
  0
VERTEX
  8
CONTOUR106
 10
79.4921733491
 20
16.6906975293
 30
106
 70
    32
 39
1.95400004304e-06
 40
1.95400004304e-06
 41
1.95400004304e-06
  0
SEQEND
  8
CONTOUR106
  0
TEXT
  8
CONTOUR106
 10
79.4921070506
 20
16.6906541215
 30
106
 40
3.90800014429e-05
  1
106
  0
POLYLINE
  8
CONTOUR106
 66
     1
 70
     8
 39
1.95400004304e-06
 40
1.95400004304e-06
 41
1.95400004304e-06
  0
VERTEX
  8
CONTOUR106
 10
79.4921579921
 20
16.6906497938
 30
106
 70
    32
 39
1.95400004304e-06
 40
1.95400004304e-06
 41
1.95400004304e-06
  0
VERTEX
  8
CONTOUR106
 10
79.4921579921
 20
16.6906497938
 30
106
 70
    32
 39
1.95400004304e-06
 40
1.95400004304e-06
 41
1.95400004304e-06
  0
VERTEX
  8
CONTOUR106
 10
79.4921400792
 20
16.690610405
 30
106
 70
    32
 39
1.95400004304e-06
 40
1.95400004304e-06
 41
1.95400004304e-06
  0
VERTEX
  8
CONTOUR106
 10
79.4921295577
 20
16.6905902528
 30
106
 70
    32
 39
1.95400004304e-06
 40
1.95400004304e-06
 41
1.95400004304e-06
  0
VERTEX
  8
CONTOUR106
 10
79.4921174754
 20
16.6905458342
 30
106
 70
    32
 39
1.95400004304e-06
 40
1.95400004304e-06
 41
1.95400004304e-06
  0
VERTEX
  8
CONTOUR106
 10
79.4921175751
 20
16.6905447836
 30
106
 70
    32
 39
1.95400004304e-06
 40
1.95400004304e-06
 41
1.95400004304e-06
  0
VERTEX
  8
CONTOUR106
 10
79.4921112792
 20
16.6905002528
 30
106
 70
    32
 39
1.95400004304e-06
 40
1.95400004304e-06
 41
1.95400004304e-06
  0
VERTEX
  8
CONTOUR106
 10
79.4921021639
 20
16.6904730597
 30
106
 70
    32
 39
1.95400004304e-06
 40
1.95400004304e-06
 41
1.95400004304e-06
  0
VERTEX
  8
CONTOUR106
 10
79.4920831105
 20
16.6904160111
 30
106
 70
    32
 39
1.95400004304e-06
 40
1.95400004304e-06
 41
1.95400004304e-06
  0
VERTEX
  8
CONTOUR106
 10
79.4920811842
 20
16.6904102528
 30
106
 70
    32
 39
1.95400004304e-06
 40
1.95400004304e-06
 41
1.95400004304e-06
  0
VERTEX
  8
CONTOUR106
 10
79.4920807575
 20
16.6904071416
 30
106
 70
    32
 39
1.95400004304e-06
 40
1.95400004304e-06
 41
1.95400004304e-06
  0
VERTEX
  8
CONTOUR106
 10
79.4920779921
 20
16.6903945882
 30
106
 70
    32
 39
1.95400004304e-06
 40
1.95400004304e-06
 41
1.95400004304e-06
  0
VERTEX
  8
CONTOUR106
 10
79.4920653311
 20
16.6903344964
 30
106
 70
    32
 39
1.95400004304e-06
 40
1.95400004304e-06
 41
1.95400004304e-06
  0
VERTEX
  8
CONTOUR106
 10
79.4920642696
 20
16.6903202529
 30
106
 70
    32
 39
1.95400004304e-06
 40
1.95400004304e-06
 41
1.95400004304e-06
  0
VERTEX
  8
CONTOUR106
 10
79.4920532054
 20
16.6902923678
 30
106
 70
    32
 39
1.95400004304e-06
 40
1.95400004304e-06
 41
1.95400004304e-06
  0
VERTEX
  8
CONTOUR106
 10
79.4920445516
 20
16.6902678733
 30
106
 70
    32
 39
1.95400004304e-06
 40
1.95400004304e-06
 41
1.95400004304e-06
  0
SEQEND
  8
CONTOUR106
  0
TEXT
  8
CONTOUR106
 10
79.4919767349
 20
16.6902136795
 30
106
 40
3.90800014429e-05
  1
106
  0
POLYLINE
  8
CONTOUR106
 66
     1
 70
     8
 39
1.95400004304e-06
 40
1.95400004304e-06
 41
1.95400004304e-06
  0
VERTEX
  8
CONTOUR106
 10
79.4920261583
 20
16.6901985658
 30
106
 70
    32
 39
1.95400004304e-06
 40
1.95400004304e-06
 41
1.95400004304e-06
  0
VERTEX
  8
CONTOUR106
 10
79.4920261583
 20
16.6901985658
 30
106
 70
    32
 39
1.95400004304e-06
 40
1.95400004304e-06
 41
1.95400004304e-06
  0
VERTEX
  8
CONTOUR106
 10
79.4920165135
 20
16.6901610896
 30
106
 70
    32
 39
1.95400004304e-06
 40
1.95400004304e-06
 41
1.95400004304e-06
  0
VERTEX
  8
CONTOUR106
 10
79.4920158675
 20
16.6901402529
 30
106
 70
    32
 39
1.95400004304e-06
 40
1.95400004304e-06
 41
1.95400004304e-06
  0
VERTEX
  8
CONTOUR106
 10
79.4920121122
 20
16.6901243678
 30
106
 70
    32
 39
1.95400004304e-06
 40
1.95400004304e-06
 41
1.95400004304e-06
  0
VERTEX
  8
CONTOUR106
 10
79.4919979921
 20
16.6901011653
 30
106
 70
    32
 39
1.95400004304e-06
 40
1.95400004304e-06
 41
1.95400004304e-06
  0
VERTEX
  8
CONTOUR106
 10
79.4919865569
 20
16.6900631174
 30
106
 70
    32
 39
1.95400004304e-06
 40
1.95400004304e-06
 41
1.95400004304e-06
  0
VERTEX
  8
CONTOUR106
 10
79.4919843386
 20
16.6900502529
 30
106
 70
    32
 39
1.95400004304e-06
 40
1.95400004304e-06
 41
1.95400004304e-06
  0
VERTEX
  8
CONTOUR106
 10
79.491985003
 20
16.6900356401
 30
106
 70
    32
 39
1.95400004304e-06
 40
1.95400004304e-06
 41
1.95400004304e-06
  0
VERTEX
  8
CONTOUR106
 10
79.4919830379
 20
16.6899770763
 30
106
 70
    32
 39
1.95400004304e-06
 40
1.95400004304e-06
 41
1.95400004304e-06
  0
VERTEX
  8
CONTOUR106
 10
79.4919836836
 20
16.6899602529
 30
106
 70
    32
 39
1.95400004304e-06
 40
1.95400004304e-06
 41
1.95400004304e-06
  0
VERTEX
  8
CONTOUR106
 10
79.4919696719
 20
16.6899283927
 30
106
 70
    32
 39
1.95400004304e-06
 40
1.95400004304e-06
 41
1.95400004304e-06
  0
VERTEX
  8
CONTOUR106
 10
79.4919627067
 20
16.689909949
 30
106
 70
    32
 39
1.95400004304e-06
 40
1.95400004304e-06
 41
1.95400004304e-06
  0
VERTEX
  8
CONTOUR106
 10
79.4919396423
 20
16.6898702529
 30
106
 70
    32
 39
1.95400004304e-06
 40
1.95400004304e-06
 41
1.95400004304e-06
  0
VERTEX
  8
CONTOUR106
 10
79.4919325443
 20
16.6898538816
 30
106
 70
    32
 39
1.95400004304e-06
 40
1.95400004304e-06
 41
1.95400004304e-06
  0
VERTEX
  8
CONTOUR106
 10
79.491917992
 20
16.6898220909
 30
106
 70
    32
 39
1.95400004304e-06
 40
1.95400004304e-06
 41
1.95400004304e-06
  0
SEQEND
  8
CONTOUR106
  0
TEXT
  8
CONTOUR106
 10
79.4918407197
 20
16.6897816319
 30
106
 40
3.90800014429e-05
  1
106
  0
POLYLINE
  8
CONTOUR106
 66
     1
 70
     8
 39
1.95400004304e-06
 40
1.95400004304e-06
 41
1.95400004304e-06
  0
VERTEX
  8
CONTOUR106
 10
79.4918806875
 20
16.6897802529
 30
106
 70
    32
 39
1.95400004304e-06
 40
1.95400004304e-06
 41
1.95400004304e-06
  0
VERTEX
  8
CONTOUR106
 10
79.4918806875
 20
16.6897802529
 30
106
 70
    32
 39
1.95400004304e-06
 40
1.95400004304e-06
 41
1.95400004304e-06
  0
VERTEX
  8
CONTOUR106
 10
79.4918564933
 20
16.6897594389
 30
106
 70
    32
 39
1.95400004304e-06
 40
1.95400004304e-06
 41
1.95400004304e-06
  0
VERTEX
  8
CONTOUR106
 10
79.491837992
 20
16.6897157463
 30
106
 70
    32
 39
1.95400004304e-06
 40
1.95400004304e-06
 41
1.95400004304e-06
  0
VERTEX
  8
CONTOUR106
 10
79.4918305407
 20
16.6896986356
 30
106
 70
    32
 39
1.95400004304e-06
 40
1.95400004304e-06
 41
1.95400004304e-06
  0
VERTEX
  8
CONTOUR106
 10
79.4918267597
 20
16.689690253
 30
106
 70
    32
 39
1.95400004304e-06
 40
1.95400004304e-06
 41
1.95400004304e-06
  0
VERTEX
  8
CONTOUR106
 10
79.49178717
 20
16.6896574277
 30
106
 70
    32
 39
1.95400004304e-06
 40
1.95400004304e-06
 41
1.95400004304e-06
  0
VERTEX
  8
CONTOUR106
 10
79.491757992
 20
16.6896362981
 30
106
 70
    32
 39
1.95400004304e-06
 40
1.95400004304e-06
 41
1.95400004304e-06
  0
VERTEX
  8
CONTOUR106
 10
79.4917385006
 20
16.6896221807
 30
106
 70
    32
 39
1.95400004304e-06
 40
1.95400004304e-06
 41
1.95400004304e-06
  0
VERTEX
  8
CONTOUR106
 10
79.4917190484
 20
16.689600253
 30
106
 70
    32
 39
1.95400004304e-06
 40
1.95400004304e-06
 41
1.95400004304e-06
  0
VERTEX
  8
CONTOUR106
 10
79.4917087139
 20
16.6895656908
 30
106
 70
    32
 39
1.95400004304e-06
 40
1.95400004304e-06
 41
1.95400004304e-06
  0
VERTEX
  8
CONTOUR106
 10
79.4917022441
 20
16.6895375367
 30
106
 70
    32
 39
1.95400004304e-06
 40
1.95400004304e-06
 41
1.95400004304e-06
  0
VERTEX
  8
CONTOUR106
 10
79.4916949844
 20
16.689510253
 30
106
 70
    32
 39
1.95400004304e-06
 40
1.95400004304e-06
 41
1.95400004304e-06
  0
SEQEND
  8
CONTOUR106
  0
POLYLINE
  8
CONTOUR106_125
 66
     1
 70
     8
  0
VERTEX
  8
CONTOUR106_125
 10
79.4918776057
 20
16.6914902527
 30
106.125
 70
    32
  0
VERTEX
  8
CONTOUR106_125
 10
79.4918920988
 20
16.691461123
 30
106.125
 70
    32
  0
VERTEX
  8
CONTOUR106_125
 10
79.491917992
 20
16.6914128406
 30
106.125
 70
    32
  0
VERTEX
  8
CONTOUR106_125
 10
79.4919290962
 20
16.6914127449
 30
106.125
 70
    32
  0
VERTEX
  8
CONTOUR106_125
 10
79.4919586742
 20
16.6914002527
 30
106.125
 70
    32
  0
VERTEX
  8
CONTOUR106_125
 10
79.4919886036
 20
16.6913896908
 30
106.125
 70
    32
  0
VERTEX
  8
CONTOUR106_125
 10
79.4919979921
 20
16.6913266506
 30
106.125
 70
    32
  0
VERTEX
  8
CONTOUR106_125
 10
79.4920038064
 20
16.691316794
 30
106.125
 70
    32
  0
VERTEX
  8
CONTOUR106_125
 10
79.4920638176
 20
16.691326199
 30
106.125
 70
    32
  0
VERTEX
  8
CONTOUR106_125
 10
79.4920779921
 20
16.6913212192
 30
106.125
 70
    32
  0
SEQEND
  8
CONTOUR106_125
  0
POLYLINE
  8
CONTOUR106_125
 66
     1
 70
     8
  0
VERTEX
  8
CONTOUR106_125
 10
79.4920873816
 20
16.6913102527
 30
106.125
 70
    32
  0
VERTEX
  8
CONTOUR106_125
 10
79.4920911485
 20
16.6912954517
 30
106.125
 70
    32
  0
VERTEX
  8
CONTOUR106_125
 10
79.4921007315
 20
16.6912458345
 30
106.125
 70
    32
  0
VERTEX
  8
CONTOUR106_125
 10
79.4921086368
 20
16.6912202527
 30
106.125
 70
    32
  0
VERTEX
  8
CONTOUR106_125
 10
79.4921233567
 20
16.6911812878
 30
106.125
 70
    32
  0
VERTEX
  8
CONTOUR106_125
 10
79.4921228441
 20
16.6911697942
 30
106.125
 70
    32
  0
VERTEX
  8
CONTOUR106_125
 10
79.4921303111
 20
16.6911302527
 30
106.125
 70
    32
  0
VERTEX
  8
CONTOUR106_125
 10
79.4921307807
 20
16.6910996399
 30
106.125
 70
    32
  0
VERTEX
  8
CONTOUR106_125
 10
79.4921498914
 20
16.6910493661
 30
106.125
 70
    32
  0
VERTEX
  8
CONTOUR106_125
 10
79.4921502202
 20
16.6910402528
 30
106.125
 70
    32
  0
VERTEX
  8
CONTOUR106_125
 10
79.4921530884
 20
16.6910347361
 30
106.125
 70
    32
  0
VERTEX
  8
CONTOUR106_125
 10
79.4921367582
 20
16.6909741409
 30
106.125
 70
    32
  0
VERTEX
  8
CONTOUR106_125
 10
79.4921402578
 20
16.6909502528
 30
106.125
 70
    32
  0
VERTEX
  8
CONTOUR106_125
 10
79.4921435413
 20
16.6909339956
 30
106.125
 70
    32
  0
VERTEX
  8
CONTOUR106_125
 10
79.4921579921
 20
16.6909052659
 30
106.125
 70
    32
  0
VERTEX
  8
CONTOUR106_125
 10
79.492175607
 20
16.6908800695
 30
106.125
 70
    32
  0
VERTEX
  8
CONTOUR106_125
 10
79.4921799972
 20
16.6908602528
 30
106.125
 70
    32
  0
VERTEX
  8
CONTOUR106_125
 10
79.4921738584
 20
16.6908424033
 30
106.125
 70
    32
  0
VERTEX
  8
CONTOUR106_125
 10
79.4921605566
 20
16.6907731379
 30
106.125
 70
    32
  0
VERTEX
  8
CONTOUR106_125
 10
79.492159782
 20
16.6907702528
 30
106.125
 70
    32
  0
VERTEX
  8
CONTOUR106_125
 10
79.4921591989
 20
16.6907688952
 30
106.125
 70
    32
  0
VERTEX
  8
CONTOUR106_125
 10
79.4921579921
 20
16.6907632601
 30
106.125
 70
    32
  0
VERTEX
  8
CONTOUR106_125
 10
79.4921424485
 20
16.6906977394
 30
106.125
 70
    32
  0
VERTEX
  8
CONTOUR106_125
 10
79.4921378321
 20
16.6906802528
 30
106.125
 70
    32
  0
VERTEX
  8
CONTOUR106_125
 10
79.4921170047
 20
16.6906363636
 30
106.125
 70
    32
  0
VERTEX
  8
CONTOUR106_125
 10
79.4921139541
 20
16.6906307099
 30
106.125
 70
    32
  0
VERTEX
  8
CONTOUR106_125
 10
79.4920928312
 20
16.6905902528
 30
106.125
 70
    32
  0
VERTEX
  8
CONTOUR106_125
 10
79.4920893542
 20
16.6905774704
 30
106.125
 70
    32
  0
VERTEX
  8
CONTOUR106_125
 10
79.4920948758
 20
16.6905192469
 30
106.125
 70
    32
  0
VERTEX
  8
CONTOUR106_125
 10
79.4920921903
 20
16.6905002528
 30
106.125
 70
    32
  0
VERTEX
  8
CONTOUR106_125
 10
79.4920883023
 20
16.6904886538
 30
106.125
 70
    32
  0
VERTEX
  8
CONTOUR106_125
 10
79.4920779921
 20
16.6904577835
 30
106.125
 70
    32
  0
VERTEX
  8
CONTOUR106_125
 10
79.4920605041
 20
16.6904299268
 30
106.125
 70
    32
  0
VERTEX
  8
CONTOUR106_125
 10
79.4920588966
 20
16.6904102528
 30
106.125
 70
    32
  0
VERTEX
  8
CONTOUR106_125
 10
79.4920565015
 20
16.6903860759
 30
106.125
 70
    32
  0
VERTEX
  8
CONTOUR106_125
 10
79.4920494083
 20
16.6903524097
 30
106.125
 70
    32
  0
VERTEX
  8
CONTOUR106_125
 10
79.4920470118
 20
16.6903202529
 30
106.125
 70
    32
  0
VERTEX
  8
CONTOUR106_125
 10
79.4920318834
 20
16.6902821251
 30
106.125
 70
    32
  0
VERTEX
  8
CONTOUR106_125
 10
79.4920154084
 20
16.6902498463
 30
106.125
 70
    32
  0
VERTEX
  8
CONTOUR106_125
 10
79.4920061269
 20
16.6902302529
 30
106.125
 70
    32
  0
VERTEX
  8
CONTOUR106_125
 10
79.4920059649
 20
16.6902212834
 30
106.125
 70
    32
  0
VERTEX
  8
CONTOUR106_125
 10
79.4919979921
 20
16.6901903037
 30
106.125
 70
    32
  0
VERTEX
  8
CONTOUR106_125
 10
79.4919888642
 20
16.6901505219
 30
106.125
 70
    32
  0
VERTEX
  8
CONTOUR106_125
 10
79.4919849141
 20
16.6901402529
 30
106.125
 70
    32
  0
VERTEX
  8
CONTOUR106_125
 10
79.4919806184
 20
16.6901207076
 30
106.125
 70
    32
  0
VERTEX
  8
CONTOUR106_125
 10
79.4919691841
 20
16.690082662
 30
106.125
 70
    32
  0
VERTEX
  8
CONTOUR106_125
 10
79.4919635955
 20
16.6900502529
 30
106.125
 70
    32
  0
VERTEX
  8
CONTOUR106_125
 10
79.4919652691
 20
16.6900134396
 30
106.125
 70
    32
  0
VERTEX
  8
CONTOUR106_125
 10
79.4919647398
 20
16.6899976618
 30
106.125
 70
    32
  0
VERTEX
  8
CONTOUR106_125
 10
79.4919661752
 20
16.6899602529
 30
106.125
 70
    32
  0
VERTEX
  8
CONTOUR106_125
 10
79.4919502269
 20
16.6899239888
 30
106.125
 70
    32
  0
VERTEX
  8
CONTOUR106_125
 10
79.491917992
 20
16.6898722993
 30
106.125
 70
    32
  0
VERTEX
  8
CONTOUR106_125
 10
79.4919170461
 20
16.6898713171
 30
106.125
 70
    32
  0
VERTEX
  8
CONTOUR106_125
 10
79.4919164818
 20
16.6898702529
 30
106.125
 70
    32
  0
VERTEX
  8
CONTOUR106_125
 10
79.491911735
 20
16.6898632136
 30
106.125
 70
    32
  0
VERTEX
  8
CONTOUR106_125
 10
79.4918843911
 20
16.689818054
 30
106.125
 70
    32
  0
VERTEX
  8
CONTOUR106_125
 10
79.491844689
 20
16.6897877871
 30
106.125
 70
    32
  0
VERTEX
  8
CONTOUR106_125
 10
79.491837992
 20
16.6897820925
 30
106.125
 70
    32
  0
VERTEX
  8
CONTOUR106_125
 10
79.4918370331
 20
16.6897813318
 30
106.125
 70
    32
  0
VERTEX
  8
CONTOUR106_125
 10
79.4918359201
 20
16.6897802529
 30
106.125
 70
    32
  0
VERTEX
  8
CONTOUR106_125
 10
79.4918338829
 20
16.6897756302
 30
106.125
 70
    32
  0
VERTEX
  8
CONTOUR106_125
 10
79.4918102798
 20
16.6897214292
 30
106.125
 70
    32
  0
VERTEX
  8
CONTOUR106_125
 10
79.4917962173
 20
16.689690253
 30
106.125
 70
    32
  0
VERTEX
  8
CONTOUR106_125
 10
79.491774211
 20
16.6896720066
 30
106.125
 70
    32
  0
VERTEX
  8
CONTOUR106_125
 10
79.491757992
 20
16.6896602615
 30
106.125
 70
    32
  0
VERTEX
  8
CONTOUR106_125
 10
79.4917255424
 20
16.6896367587
 30
106.125
 70
    32
  0
VERTEX
  8
CONTOUR106_125
 10
79.491693158
 20
16.689600253
 30
106.125
 70
    32
  0
VERTEX
  8
CONTOUR106_125
 10
79.4916893405
 20
16.6895874859
 30
106.125
 70
    32
  0
VERTEX
  8
CONTOUR106_125
 10
79.491677992
 20
16.6895381016
 30
106.125
 70
    32
  0
SEQEND
  8
CONTOUR106_125
  0
POLYLINE
  8
CONTOUR106_25
 66
     1
 70
     8
  0
VERTEX
  8
CONTOUR106_25
 10
79.4918248781
 20
16.6914902527
 30
106.25
 70
    32
  0
VERTEX
  8
CONTOUR106_25
 10
79.491833192
 20
16.6914848527
 30
106.25
 70
    32
  0
VERTEX
  8
CONTOUR106_25
 10
79.491837992
 20
16.6914811999
 30
106.25
 70
    32
  0
VERTEX
  8
CONTOUR106_25
 10
79.4918634465
 20
16.6914288891
 30
106.25
 70
    32
  0
VERTEX
  8
CONTOUR106_25
 10
79.4918785135
 20
16.6914002527
 30
106.25
 70
    32
  0
VERTEX
  8
CONTOUR106_25
 10
79.4918971104
 20
16.6913767609
 30
106.25
 70
    32
  0
VERTEX
  8
CONTOUR106_25
 10
79.491917992
 20
16.6913552006
 30
106.25
 70
    32
  0
VERTEX
  8
CONTOUR106_25
 10
79.4919426376
 20
16.691337979
 30
106.25
 70
    32
  0
VERTEX
  8
CONTOUR106_25
 10
79.4919553635
 20
16.6913102527
 30
106.25
 70
    32
  0
VERTEX
  8
CONTOUR106_25
 10
79.4919667635
 20
16.6912751206
 30
106.25
 70
    32
  0
VERTEX
  8
CONTOUR106_25
 10
79.4919716595
 20
16.6912498769
 30
106.25
 70
    32
  0
VERTEX
  8
CONTOUR106_25
 10
79.4919794047
 20
16.6912202527
 30
106.25
 70
    32
  0
VERTEX
  8
CONTOUR106_25
 10
79.4919866161
 20
16.6912074548
 30
106.25
 70
    32
  0
VERTEX
  8
CONTOUR106_25
 10
79.4919979921
 20
16.6911983787
 30
106.25
 70
    32
  0
VERTEX
  8
CONTOUR106_25
 10
79.4920323916
 20
16.6911815531
 30
106.25
 70
    32
  0
VERTEX
  8
CONTOUR106_25
 10
79.4920422242
 20
16.6911800139
 30
106.25
 70
    32
  0
VERTEX
  8
CONTOUR106_25
 10
79.4920640268
 20
16.6911459636
 30
106.25
 70
    32
  0
VERTEX
  8
CONTOUR106_25
 10
79.4920758101
 20
16.6911302527
 30
106.25
 70
    32
  0
VERTEX
  8
CONTOUR106_25
 10
79.4920757731
 20
16.6911277564
 30
106.25
 70
    32
  0
VERTEX
  8
CONTOUR106_25
 10
79.4920635508
 20
16.6910564992
 30
106.25
 70
    32
  0
VERTEX
  8
CONTOUR106_25
 10
79.4920633835
 20
16.6910402528
 30
106.25
 70
    32
  0
VERTEX
  8
CONTOUR106_25
 10
79.4920691296
 20
16.6910302825
 30
106.25
 70
    32
  0
VERTEX
  8
CONTOUR106_25
 10
79.4920779921
 20
16.691005916
 30
106.25
 70
    32
  0
VERTEX
  8
CONTOUR106_25
 10
79.4921002472
 20
16.6909752897
 30
106.25
 70
    32
  0
VERTEX
  8
CONTOUR106_25
 10
79.492103915
 20
16.6909502528
 30
106.25
 70
    32
  0
VERTEX
  8
CONTOUR106_25
 10
79.4921115372
 20
16.6909125146
 30
106.25
 70
    32
  0
VERTEX
  8
CONTOUR106_25
 10
79.4921117152
 20
16.6908981911
 30
106.25
 70
    32
  0
VERTEX
  8
CONTOUR106_25
 10
79.4921252183
 20
16.6908602528
 30
106.25
 70
    32
  0
VERTEX
  8
CONTOUR106_25
 10
79.4921296098
 20
16.6908283227
 30
106.25
 70
    32
  0
VERTEX
  8
CONTOUR106_25
 10
79.492125224
 20
16.690807117
 30
106.25
 70
    32
  0
VERTEX
  8
CONTOUR106_25
 10
79.4921277468
 20
16.6907702528
 30
106.25
 70
    32
  0
VERTEX
  8
CONTOUR106_25
 10
79.4921167565
 20
16.6907266429
 30
106.25
 70
    32
  0
VERTEX
  8
CONTOUR106_25
 10
79.4921156289
 20
16.6907225941
 30
106.25
 70
    32
  0
VERTEX
  8
CONTOUR106_25
 10
79.492104451
 20
16.6906802528
 30
106.25
 70
    32
  0
VERTEX
  8
CONTOUR106_25
 10
79.4920952419
 20
16.6906608468
 30
106.25
 70
    32
  0
VERTEX
  8
CONTOUR106_25
 10
79.4920779921
 20
16.6906288792
 30
106.25
 70
    32
  0
VERTEX
  8
CONTOUR106_25
 10
79.4920647178
 20
16.6906051864
 30
106.25
 70
    32
  0
VERTEX
  8
CONTOUR106_25
 10
79.4920598346
 20
16.6905902528
 30
106.25
 70
    32
  0
VERTEX
  8
CONTOUR106_25
 10
79.4920557207
 20
16.6905651974
 30
106.25
 70
    32
  0
VERTEX
  8
CONTOUR106_25
 10
79.4920639651
 20
16.6905160332
 30
106.25
 70
    32
  0
VERTEX
  8
CONTOUR106_25
 10
79.4920569957
 20
16.6905002528
 30
106.25
 70
    32
  0
VERTEX
  8
CONTOUR106_25
 10
79.4920467283
 20
16.6904650811
 30
106.25
 70
    32
  0
VERTEX
  8
CONTOUR106_25
 10
79.492039496
 20
16.6904535608
 30
106.25
 70
    32
  0
VERTEX
  8
CONTOUR106_25
 10
79.4920359574
 20
16.6904102528
 30
106.25
 70
    32
  0
VERTEX
  8
CONTOUR106_25
 10
79.4920321505
 20
16.6903718245
 30
106.25
 70
    32
  0
VERTEX
  8
CONTOUR106_25
 10
79.4920326604
 20
16.6903592549
 30
106.25
 70
    32
  0
VERTEX
  8
CONTOUR106_25
 10
79.4920297539
 20
16.6903202529
 30
106.25
 70
    32
  0
VERTEX
  8
CONTOUR106_25
 10
79.4920199516
 20
16.6902955484
 30
106.25
 70
    32
  0
VERTEX
  8
CONTOUR106_25
 10
79.4919979921
 20
16.6902525238
 30
106.25
 70
    32
  0
VERTEX
  8
CONTOUR106_25
 10
79.4919882189
 20
16.6902412477
 30
106.25
 70
    32
  0
VERTEX
  8
CONTOUR106_25
 10
79.4919854685
 20
16.6902302529
 30
106.25
 70
    32
  0
VERTEX
  8
CONTOUR106_25
 10
79.4919790536
 20
16.6902089471
 30
106.25
 70
    32
  0
VERTEX
  8
CONTOUR106_25
 10
79.4919704112
 20
16.6901712814
 30
106.25
 70
    32
  0
VERTEX
  8
CONTOUR106_25
 10
79.4919584758
 20
16.6901402529
 30
106.25
 70
    32
  0
VERTEX
  8
CONTOUR106_25
 10
79.4919504504
 20
16.6901037372
 30
106.25
 70
    32
  0
VERTEX
  8
CONTOUR106_25
 10
79.4919488357
 20
16.690084952
 30
106.25
 70
    32
  0
VERTEX
  8
CONTOUR106_25
 10
79.4919428523
 20
16.6900502529
 30
106.25
 70
    32
  0
VERTEX
  8
CONTOUR106_25
 10
79.4919441924
 20
16.6900207776
 30
106.25
 70
    32
  0
VERTEX
  8
CONTOUR106_25
 10
79.4919473975
 20
16.689993334
 30
106.25
 70
    32
  0
VERTEX
  8
CONTOUR106_25
 10
79.4919486669
 20
16.6899602529
 30
106.25
 70
    32
  0
VERTEX
  8
CONTOUR106_25
 10
79.4919385136
 20
16.6899371661
 30
106.25
 70
    32
  0
VERTEX
  8
CONTOUR106_25
 10
79.491917992
 20
16.689904259
 30
106.25
 70
    32
  0
VERTEX
  8
CONTOUR106_25
 10
79.491902272
 20
16.6898879379
 30
106.25
 70
    32
  0
VERTEX
  8
CONTOUR106_25
 10
79.4918928948
 20
16.6898702529
 30
106.25
 70
    32
  0
VERTEX
  8
CONTOUR106_25
 10
79.4918692109
 20
16.6898351317
 30
106.25
 70
    32
  0
VERTEX
  8
CONTOUR106_25
 10
79.491837992
 20
16.6898085856
 30
106.25
 70
    32
  0
VERTEX
  8
CONTOUR106_25
 10
79.4918232228
 20
16.6897968683
 30
106.25
 70
    32
  0
VERTEX
  8
CONTOUR106_25
 10
79.4918060804
 20
16.6897802529
 30
106.25
 70
    32
  0
VERTEX
  8
CONTOUR106_25
 10
79.4917901414
 20
16.6897440848
 30
106.25
 70
    32
  0
VERTEX
  8
CONTOUR106_25
 10
79.4917735903
 20
16.689707801
 30
106.25
 70
    32
  0
VERTEX
  8
CONTOUR106_25
 10
79.491765675
 20
16.689690253
 30
106.25
 70
    32
  0
VERTEX
  8
CONTOUR106_25
 10
79.4917612519
 20
16.6896865855
 30
106.25
 70
    32
  0
VERTEX
  8
CONTOUR106_25
 10
79.491757992
 20
16.6896842248
 30
106.25
 70
    32
  0
VERTEX
  8
CONTOUR106_25
 10
79.4917429486
 20
16.6896733292
 30
106.25
 70
    32
  0
VERTEX
  8
CONTOUR106_25
 10
79.4917110795
 20
16.6896530295
 30
106.25
 70
    32
  0
VERTEX
  8
CONTOUR106_25
 10
79.491677992
 20
16.6896157105
 30
106.25
 70
    32
  0
VERTEX
  8
CONTOUR106_25
 10
79.4916722673
 20
16.6896066932
 30
106.25
 70
    32
  0
VERTEX
  8
CONTOUR106_25
 10
79.4916683854
 20
16.689600253
 30
106.25
 70
    32
  0
SEQEND
  8
CONTOUR106_25
  0
POLYLINE
  8
CONTOUR106_375
 66
     1
 70
     8
  0
VERTEX
  8
CONTOUR106_375
 10
79.4917191033
 20
16.6914902527
 30
106.375
 70
    32
  0
VERTEX
  8
CONTOUR106_375
 10
79.4917408544
 20
16.691470973
 30
106.375
 70
    32
  0
VERTEX
  8
CONTOUR106_375
 10
79.491757992
 20
16.6914488866
 30
106.375
 70
    32
  0
VERTEX
  8
CONTOUR106_375
 10
79.491784995
 20
16.6914306311
 30
106.375
 70
    32
  0
VERTEX
  8
CONTOUR106_375
 10
79.4918238162
 20
16.6914002527
 30
106.375
 70
    32
  0
VERTEX
  8
CONTOUR106_375
 10
79.4918330496
 20
16.6913946925
 30
106.375
 70
    32
  0
VERTEX
  8
CONTOUR106_375
 10
79.491837992
 20
16.6913919047
 30
106.375
 70
    32
  0
VERTEX
  8
CONTOUR106_375
 10
79.4918719463
 20
16.6913484513
 30
106.375
 70
    32
  0
VERTEX
  8
CONTOUR106_375
 10
79.4919093004
 20
16.6913102527
 30
106.375
 70
    32
  0
VERTEX
  8
CONTOUR106_375
 10
79.4919135362
 20
16.6913052399
 30
106.375
 70
    32
  0
VERTEX
  8
CONTOUR106_375
 10
79.491917992
 20
16.6912947862
 30
106.375
 70
    32
  0
VERTEX
  8
CONTOUR106_375
 10
79.4919380226
 20
16.6912427871
 30
106.375
 70
    32
  0
VERTEX
  8
CONTOUR106_375
 10
79.4919439142
 20
16.6912202527
 30
106.375
 70
    32
  0
VERTEX
  8
CONTOUR106_375
 10
79.491964895
 20
16.6911830184
 30
106.375
 70
    32
  0
VERTEX
  8
CONTOUR106_375
 10
79.4919979921
 20
16.6911566125
 30
106.375
 70
    32
  0
VERTEX
  8
CONTOUR106_375
 10
79.4920143228
 20
16.6911486249
 30
106.375
 70
    32
  0
VERTEX
  8
CONTOUR106_375
 10
79.492028102
 20
16.6911302527
 30
106.375
 70
    32
  0
VERTEX
  8
CONTOUR106_375
 10
79.4920276088
 20
16.6910969338
 30
106.375
 70
    32
  0
VERTEX
  8
CONTOUR106_375
 10
79.4920305597
 20
16.6910768914
 30
106.375
 70
    32
  0
VERTEX
  8
CONTOUR106_375
 10
79.4920301824
 20
16.6910402528
 30
106.375
 70
    32
  0
VERTEX
  8
CONTOUR106_375
 10
79.4920489879
 20
16.6910076231
 30
106.375
 70
    32
  0
VERTEX
  8
CONTOUR106_375
 10
79.4920642183
 20
16.6909657483
 30
106.375
 70
    32
  0
VERTEX
  8
CONTOUR106_375
 10
79.4920708855
 20
16.6909502528
 30
106.375
 70
    32
  0
VERTEX
  8
CONTOUR106_375
 10
79.4920709388
 20
16.6909423178
 30
106.375
 70
    32
  0
VERTEX
  8
CONTOUR106_375
 10
79.4920714348
 20
16.6908676297
 30
106.375
 70
    32
  0
VERTEX
  8
CONTOUR106_375
 10
79.4920714844
 20
16.6908602528
 30
106.375
 70
    32
  0
VERTEX
  8
CONTOUR106_375
 10
79.4920719018
 20
16.6908534012
 30
106.375
 70
    32
  0
VERTEX
  8
CONTOUR106_375
 10
79.4920779921
 20
16.6908315691
 30
106.375
 70
    32
  0
VERTEX
  8
CONTOUR106_375
 10
79.4920946015
 20
16.6907889384
 30
106.375
 70
    32
  0
VERTEX
  8
CONTOUR106_375
 10
79.4920958802
 20
16.6907702528
 30
106.375
 70
    32
  0
VERTEX
  8
CONTOUR106_375
 10
79.4920919289
 20
16.6907545739
 30
106.375
 70
    32
  0
VERTEX
  8
CONTOUR106_375
 10
79.4920779921
 20
16.6907045315
 30
106.375
 70
    32
  0
VERTEX
  8
CONTOUR106_375
 10
79.4920717794
 20
16.6906872421
 30
106.375
 70
    32
  0
VERTEX
  8
CONTOUR106_375
 10
79.4920686741
 20
16.6906802528
 30
106.375
 70
    32
  0
VERTEX
  8
CONTOUR106_375
 10
79.4920576234
 20
16.690657338
 30
106.375
 70
    32
  0
VERTEX
  8
CONTOUR106_375
 10
79.4920424437
 20
16.6906302446
 30
106.375
 70
    32
  0
VERTEX
  8
CONTOUR106_375
 10
79.4920293667
 20
16.6905902528
 30
106.375
 70
    32
  0
VERTEX
  8
CONTOUR106_375
 10
79.4920244748
 20
16.6905604598
 30
106.375
 70
    32
  0
VERTEX
  8
CONTOUR106_375
 10
79.4919979921
 20
16.6905194946
 30
106.375
 70
    32
  0
VERTEX
  8
CONTOUR106_375
 10
79.4919937405
 20
16.6905050358
 30
106.375
 70
    32
  0
VERTEX
  8
CONTOUR106_375
 10
79.4919930238
 20
16.6905002528
 30
106.375
 70
    32
  0
VERTEX
  8
CONTOUR106_375
 10
79.4919933793
 20
16.6904950636
 30
106.375
 70
    32
  0
VERTEX
  8
CONTOUR106_375
 10
79.4919979921
 20
16.6904733002
 30
106.375
 70
    32
  0
VERTEX
  8
CONTOUR106_375
 10
79.4920145392
 20
16.6904288685
 30
106.375
 70
    32
  0
VERTEX
  8
CONTOUR106_375
 10
79.4920130183
 20
16.6904102528
 30
106.375
 70
    32
  0
VERTEX
  8
CONTOUR106_375
 10
79.4920115115
 20
16.6903950434
 30
106.375
 70
    32
  0
VERTEX
  8
CONTOUR106_375
 10
79.4920138233
 20
16.690338063
 30
106.375
 70
    32
  0
VERTEX
  8
CONTOUR106_375
 10
79.4920124959
 20
16.6903202529
 30
106.375
 70
    32
  0
VERTEX
  8
CONTOUR106_375
 10
79.4920080197
 20
16.6903089716
 30
106.375
 70
    32
  0
VERTEX
  8
CONTOUR106_375
 10
79.4919979921
 20
16.6902893247
 30
106.375
 70
    32
  0
VERTEX
  8
CONTOUR106_375
 10
79.4919720696
 20
16.6902594156
 30
106.375
 70
    32
  0
VERTEX
  8
CONTOUR106_375
 10
79.4919647742
 20
16.6902302529
 30
106.375
 70
    32
  0
VERTEX
  8
CONTOUR106_375
 10
79.4919529375
 20
16.6901909393
 30
106.375
 70
    32
  0
VERTEX
  8
CONTOUR106_375
 10
79.4919427523
 20
16.6901681082
 30
106.375
 70
    32
  0
VERTEX
  8
CONTOUR106_375
 10
79.4919320374
 20
16.6901402529
 30
106.375
 70
    32
  0
VERTEX
  8
CONTOUR106_375
 10
79.4919292531
 20
16.6901275841
 30
106.375
 70
    32
  0
VERTEX
  8
CONTOUR106_375
 10
79.4919231001
 20
16.6900559995
 30
106.375
 70
    32
  0
VERTEX
  8
CONTOUR106_375
 10
79.4919221092
 20
16.6900502529
 30
106.375
 70
    32
  0
VERTEX
  8
CONTOUR106_375
 10
79.4919223311
 20
16.6900453715
 30
106.375
 70
    32
  0
VERTEX
  8
CONTOUR106_375
 10
79.4919306137
 20
16.6899744522
 30
106.375
 70
    32
  0
VERTEX
  8
CONTOUR106_375
 10
79.4919311585
 20
16.6899602529
 30
106.375
 70
    32
  0
VERTEX
  8
CONTOUR106_375
 10
79.4919268005
 20
16.6899503434
 30
106.375
 70
    32
  0
VERTEX
  8
CONTOUR106_375
 10
79.491917992
 20
16.6899362187
 30
106.375
 70
    32
  0
VERTEX
  8
CONTOUR106_375
 10
79.4918874979
 20
16.6899045588
 30
106.375
 70
    32
  0
VERTEX
  8
CONTOUR106_375
 10
79.4918693077
 20
16.6898702529
 30
106.375
 70
    32
  0
VERTEX
  8
CONTOUR106_375
 10
79.4918557988
 20
16.6898502203
 30
106.375
 70
    32
  0
VERTEX
  8
CONTOUR106_375
 10
79.491837992
 20
16.6898350787
 30
106.375
 70
    32
  0
VERTEX
  8
CONTOUR106_375
 10
79.4918094125
 20
16.6898124049
 30
106.375
 70
    32
  0
VERTEX
  8
CONTOUR106_375
 10
79.4917762406
 20
16.6897802529
 30
106.375
 70
    32
  0
VERTEX
  8
CONTOUR106_375
 10
79.4917701921
 20
16.6897665278
 30
106.375
 70
    32
  0
VERTEX
  8
CONTOUR106_375
 10
79.491757992
 20
16.6897397825
 30
106.375
 70
    32
  0
VERTEX
  8
CONTOUR106_375
 10
79.4917399785
 20
16.6897105182
 30
106.375
 70
    32
  0
VERTEX
  8
CONTOUR106_375
 10
79.4917236989
 20
16.689690253
 30
106.375
 70
    32
  0
VERTEX
  8
CONTOUR106_375
 10
79.4916945155
 20
16.689671664
 30
106.375
 70
    32
  0
VERTEX
  8
CONTOUR106_375
 10
79.491677992
 20
16.6896530273
 30
106.375
 70
    32
  0
VERTEX
  8
CONTOUR106_375
 10
79.4916584471
 20
16.6896222409
 30
106.375
 70
    32
  0
VERTEX
  8
CONTOUR106_375
 10
79.4916451938
 20
16.689600253
 30
106.375
 70
    32
  0
SEQEND
  8
CONTOUR106_375
  0
POLYLINE
  8
CONTOUR106_5
 66
     1
 70
     8
  0
VERTEX
  8
CONTOUR106_5
 10
79.4916561332
 20
16.6914902527
 30
106.5
 70
    32
  0
VERTEX
  8
CONTOUR106_5
 10
79.4916671069
 20
16.6914780071
 30
106.5
 70
    32
  0
VERTEX
  8
CONTOUR106_5
 10
79.491677992
 20
16.6914626449
 30
106.5
 70
    32
  0
VERTEX
  8
CONTOUR106_5
 10
79.4917084945
 20
16.6914345681
 30
106.5
 70
    32
  0
VERTEX
  8
CONTOUR106_5
 10
79.4917356972
 20
16.6914002527
 30
106.5
 70
    32
  0
VERTEX
  8
CONTOUR106_5
 10
79.4917480879
 20
16.6913891106
 30
106.5
 70
    32
  0
VERTEX
  8
CONTOUR106_5
 10
79.491757992
 20
16.6913721097
 30
106.5
 70
    32
  0
VERTEX
  8
CONTOUR106_5
 10
79.4917940578
 20
16.6913508268
 30
106.5
 70
    32
  0
VERTEX
  8
CONTOUR106_5
 10
79.4918094902
 20
16.6913423173
 30
106.5
 70
    32
  0
VERTEX
  8
CONTOUR106_5
 10
79.491837992
 20
16.6913262404
 30
106.5
 70
    32
  0
VERTEX
  8
CONTOUR106_5
 10
79.4918446404
 20
16.6913177321
 30
106.5
 70
    32
  0
VERTEX
  8
CONTOUR106_5
 10
79.4918519543
 20
16.6913102527
 30
106.5
 70
    32
  0
VERTEX
  8
CONTOUR106_5
 10
79.4918841373
 20
16.6912721663
 30
106.5
 70
    32
  0
VERTEX
  8
CONTOUR106_5
 10
79.4918954611
 20
16.6912456
 30
106.5
 70
    32
  0
VERTEX
  8
CONTOUR106_5
 10
79.4919085465
 20
16.6912202527
 30
106.5
 70
    32
  0
VERTEX
  8
CONTOUR106_5
 10
79.4919111915
 20
16.6912126022
 30
106.5
 70
    32
  0
VERTEX
  8
CONTOUR106_5
 10
79.491917992
 20
16.6911857361
 30
106.5
 70
    32
  0
VERTEX
  8
CONTOUR106_5
 10
79.4919335309
 20
16.6911477339
 30
106.5
 70
    32
  0
VERTEX
  8
CONTOUR106_5
 10
79.4919612079
 20
16.6911302527
 30
106.5
 70
    32
  0
VERTEX
  8
CONTOUR106_5
 10
79.4919820181
 20
16.691112282
 30
106.5
 70
    32
  0
VERTEX
  8
CONTOUR106_5
 10
79.4919959115
 20
16.6910425934
 30
106.5
 70
    32
  0
VERTEX
  8
CONTOUR106_5
 10
79.4919968929
 20
16.6910402528
 30
106.5
 70
    32
  0
VERTEX
  8
CONTOUR106_5
 10
79.4919973833
 20
16.6910395679
 30
106.5
 70
    32
  0
VERTEX
  8
CONTOUR106_5
 10
79.4919979921
 20
16.6910388629
 30
106.5
 70
    32
  0
VERTEX
  8
CONTOUR106_5
 10
79.492030408
 20
16.6909867207
 30
106.5
 70
    32
  0
VERTEX
  8
CONTOUR106_5
 10
79.4920460988
 20
16.6909502528
 30
106.5
 70
    32
  0
VERTEX
  8
CONTOUR106_5
 10
79.4920463382
 20
16.6909146422
 30
106.5
 70
    32
  0
VERTEX
  8
CONTOUR106_5
 10
79.4920464639
 20
16.690895722
 30
106.5
 70
    32
  0
VERTEX
  8
CONTOUR106_5
 10
79.4920467022
 20
16.6908602528
 30
106.5
 70
    32
  0
VERTEX
  8
CONTOUR106_5
 10
79.4920487092
 20
16.6908273096
 30
106.5
 70
    32
  0
VERTEX
  8
CONTOUR106_5
 10
79.4920585126
 20
16.6907921672
 30
106.5
 70
    32
  0
VERTEX
  8
CONTOUR106_5
 10
79.4920606433
 20
16.6907702528
 30
106.5
 70
    32
  0
VERTEX
  8
CONTOUR106_5
 10
79.4920470153
 20
16.6907354039
 30
106.5
 70
    32
  0
VERTEX
  8
CONTOUR106_5
 10
79.4920418201
 20
16.6907209462
 30
106.5
 70
    32
  0
VERTEX
  8
CONTOUR106_5
 10
79.4920237401
 20
16.6906802528
 30
106.5
 70
    32
  0
VERTEX
  8
CONTOUR106_5
 10
79.4920146842
 20
16.6906614743
 30
106.5
 70
    32
  0
VERTEX
  8
CONTOUR106_5
 10
79.4919994264
 20
16.6905918665
 30
106.5
 70
    32
  0
VERTEX
  8
CONTOUR106_5
 10
79.4919988987
 20
16.6905902528
 30
106.5
 70
    32
  0
VERTEX
  8
CONTOUR106_5
 10
79.4919987574
 20
16.6905893919
 30
106.5
 70
    32
  0
VERTEX
  8
CONTOUR106_5
 10
79.4919979921
 20
16.690588208
 30
106.5
 70
    32
  0
VERTEX
  8
CONTOUR106_5
 10
79.491978558
 20
16.6905221162
 30
106.5
 70
    32
  0
VERTEX
  8
CONTOUR106_5
 10
79.4919752819
 20
16.6905002528
 30
106.5
 70
    32
  0
VERTEX
  8
CONTOUR106_5
 10
79.4919769073
 20
16.6904765323
 30
106.5
 70
    32
  0
VERTEX
  8
CONTOUR106_5
 10
79.4919887517
 20
16.6904206483
 30
106.5
 70
    32
  0
VERTEX
  8
CONTOUR106_5
 10
79.4919897151
 20
16.6904102528
 30
106.5
 70
    32
  0
VERTEX
  8
CONTOUR106_5
 10
79.4919866247
 20
16.6903974645
 30
106.5
 70
    32
  0
VERTEX
  8
CONTOUR106_5
 10
79.4919917856
 20
16.6903272352
 30
106.5
 70
    32
  0
VERTEX
  8
CONTOUR106_5
 10
79.4919868959
 20
16.6903202529
 30
106.5
 70
    32
  0
VERTEX
  8
CONTOUR106_5
 10
79.4919534072
 20
16.6902804109
 30
106.5
 70
    32
  0
VERTEX
  8
CONTOUR106_5
 10
79.4919542974
 20
16.6902710964
 30
106.5
 70
    32
  0
VERTEX
  8
CONTOUR106_5
 10
79.49194408
 20
16.6902302529
 30
106.5
 70
    32
  0
VERTEX
  8
CONTOUR106_5
 10
79.4919374794
 20
16.6902083297
 30
106.5
 70
    32
  0
VERTEX
  8
CONTOUR106_5
 10
79.491917992
 20
16.6901646471
 30
106.5
 70
    32
  0
VERTEX
  8
CONTOUR106_5
 10
79.4919122375
 20
16.6901467267
 30
106.5
 70
    32
  0
VERTEX
  8
CONTOUR106_5
 10
79.4919105156
 20
16.6901402529
 30
106.5
 70
    32
  0
VERTEX
  8
CONTOUR106_5
 10
79.4919090565
 20
16.6901302004
 30
106.5
 70
    32
  0
VERTEX
  8
CONTOUR106_5
 10
79.4919048044
 20
16.690065089
 30
106.5
 70
    32
  0
VERTEX
  8
CONTOUR106_5
 10
79.4919021329
 20
16.6900502529
 30
106.5
 70
    32
  0
VERTEX
  8
CONTOUR106_5
 10
79.4918995564
 20
16.6900295128
 30
106.5
 70
    32
  0
VERTEX
  8
CONTOUR106_5
 10
79.4919096249
 20
16.6899696659
 30
106.5
 70
    32
  0
VERTEX
  8
CONTOUR106_5
 10
79.491907007
 20
16.6899602529
 30
106.5
 70
    32
  0
VERTEX
  8
CONTOUR106_5
 10
79.4918705422
 20
16.689923634
 30
106.5
 70
    32
  0
VERTEX
  8
CONTOUR106_5
 10
79.4918571469
 20
16.6898918021
 30
106.5
 70
    32
  0
VERTEX
  8
CONTOUR106_5
 10
79.4918457207
 20
16.6898702529
 30
106.5
 70
    32
  0
VERTEX
  8
CONTOUR106_5
 10
79.4918423867
 20
16.6898653089
 30
106.5
 70
    32
  0
VERTEX
  8
CONTOUR106_5
 10
79.491837992
 20
16.6898615719
 30
106.5
 70
    32
  0
VERTEX
  8
CONTOUR106_5
 10
79.491811816
 20
16.689840805
 30
106.5
 70
    32
  0
VERTEX
  8
CONTOUR106_5
 10
79.491795341
 20
16.6898282353
 30
106.5
 70
    32
  0
VERTEX
  8
CONTOUR106_5
 10
79.491757992
 20
16.6897926218
 30
106.5
 70
    32
  0
VERTEX
  8
CONTOUR106_5
 10
79.4917525062
 20
16.6897864245
 30
106.5
 70
    32
  0
VERTEX
  8
CONTOUR106_5
 10
79.4917437493
 20
16.6897802529
 30
106.5
 70
    32
  0
VERTEX
  8
CONTOUR106_5
 10
79.4917161519
 20
16.689737323
 30
106.5
 70
    32
  0
VERTEX
  8
CONTOUR106_5
 10
79.491677992
 20
16.6896903753
 30
106.5
 70
    32
  0
VERTEX
  8
CONTOUR106_5
 10
79.4916779543
 20
16.6896902953
 30
106.5
 70
    32
  0
VERTEX
  8
CONTOUR106_5
 10
79.4916779329
 20
16.689690253
 30
106.5
 70
    32
  0
VERTEX
  8
CONTOUR106_5
 10
79.4916777896
 20
16.6896900252
 30
106.5
 70
    32
  0
VERTEX
  8
CONTOUR106_5
 10
79.4916446269
 20
16.6896377886
 30
106.5
 70
    32
  0
VERTEX
  8
CONTOUR106_5
 10
79.4916220022
 20
16.689600253
 30
106.5
 70
    32
  0
SEQEND
  8
CONTOUR106_5
  0
POLYLINE
  8
CONTOUR106_625
 66
     1
 70
     8
  0
VERTEX
  8
CONTOUR106_625
 10
79.4916095452
 20
16.6914902527
 30
106.625
 70
    32
  0
VERTEX
  8
CONTOUR106_625
 10
79.4916439074
 20
16.6914519076
 30
106.625
 70
    32
  0
VERTEX
  8
CONTOUR106_625
 10
79.491677992
 20
16.6914038037
 30
106.625
 70
    32
  0
VERTEX
  8
CONTOUR106_625
 10
79.491679728
 20
16.6914022058
 30
106.625
 70
    32
  0
VERTEX
  8
CONTOUR106_625
 10
79.4916812762
 20
16.6914002527
 30
106.625
 70
    32
  0
VERTEX
  8
CONTOUR106_625
 10
79.4917239123
 20
16.6913619131
 30
106.625
 70
    32
  0
VERTEX
  8
CONTOUR106_625
 10
79.4917464303
 20
16.6913232596
 30
106.625
 70
    32
  0
VERTEX
  8
CONTOUR106_625
 10
79.4917548413
 20
16.6913102527
 30
106.625
 70
    32
  0
VERTEX
  8
CONTOUR106_625
 10
79.4917559349
 20
16.6913079385
 30
106.625
 70
    32
  0
VERTEX
  8
CONTOUR106_625
 10
79.491757992
 20
16.6913051719
 30
106.625
 70
    32
  0
VERTEX
  8
CONTOUR106_625
 10
79.4917651675
 20
16.6913021803
 30
106.625
 70
    32
  0
VERTEX
  8
CONTOUR106_625
 10
79.4918130234
 20
16.6912821631
 30
106.625
 70
    32
  0
VERTEX
  8
CONTOUR106_625
 10
79.491837992
 20
16.6912717929
 30
106.625
 70
    32
  0
VERTEX
  8
CONTOUR106_625
 10
79.4918604616
 20
16.691245531
 30
106.625
 70
    32
  0
VERTEX
  8
CONTOUR106_625
 10
79.4918735114
 20
16.6912202527
 30
106.625
 70
    32
  0
VERTEX
  8
CONTOUR106_625
 10
79.4918859674
 20
16.691184225
 30
106.625
 70
    32
  0
VERTEX
  8
CONTOUR106_625
 10
79.491892318
 20
16.691159136
 30
106.625
 70
    32
  0
VERTEX
  8
CONTOUR106_625
 10
79.4919009104
 20
16.6911302527
 30
106.625
 70
    32
  0
VERTEX
  8
CONTOUR106_625
 10
79.4919071349
 20
16.6911180385
 30
106.625
 70
    32
  0
VERTEX
  8
CONTOUR106_625
 10
79.491917992
 20
16.6911011419
 30
106.625
 70
    32
  0
VERTEX
  8
CONTOUR106_625
 10
79.4919470697
 20
16.6910729651
 30
106.625
 70
    32
  0
VERTEX
  8
CONTOUR106_625
 10
79.4919607857
 20
16.6910402528
 30
106.625
 70
    32
  0
VERTEX
  8
CONTOUR106_625
 10
79.4919773868
 20
16.6910170717
 30
106.625
 70
    32
  0
VERTEX
  8
CONTOUR106_625
 10
79.4919979921
 20
16.6909932074
 30
106.625
 70
    32
  0
VERTEX
  8
CONTOUR106_625
 10
79.492013706
 20
16.690967931
 30
106.625
 70
    32
  0
VERTEX
  8
CONTOUR106_625
 10
79.4920213123
 20
16.6909502528
 30
106.625
 70
    32
  0
VERTEX
  8
CONTOUR106_625
 10
79.4920214899
 20
16.6909238176
 30
106.625
 70
    32
  0
VERTEX
  8
CONTOUR106_625
 10
79.4920217406
 20
16.6908869698
 30
106.625
 70
    32
  0
VERTEX
  8
CONTOUR106_625
 10
79.4920219201
 20
16.6908602528
 30
106.625
 70
    32
  0
VERTEX
  8
CONTOUR106_625
 10
79.4920236807
 20
16.690831353
 30
106.625
 70
    32
  0
VERTEX
  8
CONTOUR106_625
 10
79.4920188156
 20
16.6907936793
 30
106.625
 70
    32
  0
VERTEX
  8
CONTOUR106_625
 10
79.4920210934
 20
16.6907702528
 30
106.625
 70
    32
  0
VERTEX
  8
CONTOUR106_625
 10
79.4920140353
 20
16.6907522042
 30
106.625
 70
    32
  0
VERTEX
  8
CONTOUR106_625
 10
79.4919979921
 20
16.6907182597
 30
106.625
 70
    32
  0
VERTEX
  8
CONTOUR106_625
 10
79.4919898067
 20
16.6906894613
 30
106.625
 70
    32
  0
VERTEX
  8
CONTOUR106_625
 10
79.4919881693
 20
16.6906802528
 30
106.625
 70
    32
  0
VERTEX
  8
CONTOUR106_625
 10
79.4919862148
 20
16.6906670033
 30
106.625
 70
    32
  0
VERTEX
  8
CONTOUR106_625
 10
79.4919785234
 20
16.6906121551
 30
106.625
 70
    32
  0
VERTEX
  8
CONTOUR106_625
 10
79.4919752282
 20
16.6905902528
 30
106.625
 70
    32
  0
VERTEX
  8
CONTOUR106_625
 10
79.4919686978
 20
16.6905572967
 30
106.625
 70
    32
  0
VERTEX
  8
CONTOUR106_625
 10
79.4919633755
 20
16.6905391966
 30
106.625
 70
    32
  0
VERTEX
  8
CONTOUR106_625
 10
79.4919575398
 20
16.6905002528
 30
106.625
 70
    32
  0
VERTEX
  8
CONTOUR106_625
 10
79.4919604351
 20
16.6904580012
 30
106.625
 70
    32
  0
VERTEX
  8
CONTOUR106_625
 10
79.4919619648
 20
16.6904507835
 30
106.625
 70
    32
  0
VERTEX
  8
CONTOUR106_625
 10
79.4919657207
 20
16.6904102528
 30
106.625
 70
    32
  0
VERTEX
  8
CONTOUR106_625
 10
79.4919555186
 20
16.6903680354
 30
106.625
 70
    32
  0
VERTEX
  8
CONTOUR106_625
 10
79.491917992
 20
16.6903206602
 30
106.625
 70
    32
  0
VERTEX
  8
CONTOUR106_625
 10
79.4919178478
 20
16.6903204151
 30
106.625
 70
    32
  0
VERTEX
  8
CONTOUR106_625
 10
79.4919178223
 20
16.6903202529
 30
106.625
 70
    32
  0
VERTEX
  8
CONTOUR106_625
 10
79.4919178374
 20
16.6903200789
 30
106.625
 70
    32
  0
VERTEX
  8
CONTOUR106_625
 10
79.491917992
 20
16.6903172346
 30
106.625
 70
    32
  0
VERTEX
  8
CONTOUR106_625
 10
79.4919254984
 20
16.6902386975
 30
106.625
 70
    32
  0
VERTEX
  8
CONTOUR106_625
 10
79.4919233859
 20
16.6902302529
 30
106.625
 70
    32
  0
VERTEX
  8
CONTOUR106_625
 10
79.4919220212
 20
16.6902257201
 30
106.625
 70
    32
  0
VERTEX
  8
CONTOUR106_625
 10
79.491917992
 20
16.6902166885
 30
106.625
 70
    32
  0
VERTEX
  8
CONTOUR106_625
 10
79.4918999612
 20
16.6901605376
 30
106.625
 70
    32
  0
VERTEX
  8
CONTOUR106_625
 10
79.4918945658
 20
16.6901402529
 30
106.625
 70
    32
  0
VERTEX
  8
CONTOUR106_625
 10
79.4918899938
 20
16.6901087549
 30
106.625
 70
    32
  0
VERTEX
  8
CONTOUR106_625
 10
79.491888351
 20
16.690083599
 30
106.625
 70
    32
  0
VERTEX
  8
CONTOUR106_625
 10
79.4918823465
 20
16.6900502529
 30
106.625
 70
    32
  0
VERTEX
  8
CONTOUR106_625
 10
79.4918769077
 20
16.6900064727
 30
106.625
 70
    32
  0
VERTEX
  8
CONTOUR106_625
 10
79.4918739655
 20
16.6900007232
 30
106.625
 70
    32
  0
VERTEX
  8
CONTOUR106_625
 10
79.4918627101
 20
16.6899602529
 30
106.625
 70
    32
  0
VERTEX
  8
CONTOUR106_625
 10
79.49184965
 20
16.6899471377
 30
106.625
 70
    32
  0
VERTEX
  8
CONTOUR106_625
 10
79.491837992
 20
16.6899194343
 30
106.625
 70
    32
  0
VERTEX
  8
CONTOUR106_625
 10
79.4918240226
 20
16.6898859685
 30
106.625
 70
    32
  0
VERTEX
  8
CONTOUR106_625
 10
79.4918125051
 20
16.6898702529
 30
106.625
 70
    32
  0
VERTEX
  8
CONTOUR106_625
 10
79.4917800217
 20
16.6898454696
 30
106.625
 70
    32
  0
VERTEX
  8
CONTOUR106_625
 10
79.491757992
 20
16.6898244636
 30
106.625
 70
    32
  0
VERTEX
  8
CONTOUR106_625
 10
79.4917383839
 20
16.689802312
 30
106.625
 70
    32
  0
VERTEX
  8
CONTOUR106_625
 10
79.4917070833
 20
16.6897802529
 30
106.625
 70
    32
  0
VERTEX
  8
CONTOUR106_625
 10
79.4916948742
 20
16.6897612605
 30
106.625
 70
    32
  0
VERTEX
  8
CONTOUR106_625
 10
79.491677992
 20
16.6897404906
 30
106.625
 70
    32
  0
VERTEX
  8
CONTOUR106_625
 10
79.4916625166
 20
16.6897076627
 30
106.625
 70
    32
  0
VERTEX
  8
CONTOUR106_625
 10
79.4916537211
 20
16.689690253
 30
106.625
 70
    32
  0
VERTEX
  8
CONTOUR106_625
 10
79.4916306217
 20
16.6896535445
 30
106.625
 70
    32
  0
VERTEX
  8
CONTOUR106_625
 10
79.4916005351
 20
16.689603114
 30
106.625
 70
    32
  0
VERTEX
  8
CONTOUR106_625
 10
79.4915988106
 20
16.689600253
 30
106.625
 70
    32
  0
SEQEND
  8
CONTOUR106_625
  0
POLYLINE
  8
CONTOUR106_75
 66
     1
 70
     8
  0
VERTEX
  8
CONTOUR106_75
 10
79.4915764431
 20
16.6914902527
 30
106.75
 70
    32
  0
VERTEX
  8
CONTOUR106_75
 10
79.4915823534
 20
16.6914726594
 30
106.75
 70
    32
  0
VERTEX
  8
CONTOUR106_75
 10
79.4915979919
 20
16.6914552355
 30
106.75
 70
    32
  0
VERTEX
  8
CONTOUR106_75
 10
79.4916225174
 20
16.691427844
 30
106.75
 70
    32
  0
VERTEX
  8
CONTOUR106_75
 10
79.4916425406
 20
16.6914002527
 30
106.75
 70
    32
  0
VERTEX
  8
CONTOUR106_75
 10
79.4916585297
 20
16.6913783577
 30
106.75
 70
    32
  0
VERTEX
  8
CONTOUR106_75
 10
79.491677992
 20
16.6913645409
 30
106.75
 70
    32
  0
VERTEX
  8
CONTOUR106_75
 10
79.4917041592
 20
16.6913396909
 30
106.75
 70
    32
  0
VERTEX
  8
CONTOUR106_75
 10
79.4917231957
 20
16.6913102527
 30
106.75
 70
    32
  0
VERTEX
  8
CONTOUR106_75
 10
79.4917352729
 20
16.6912846938
 30
106.75
 70
    32
  0
VERTEX
  8
CONTOUR106_75
 10
79.491757992
 20
16.6912541389
 30
106.75
 70
    32
  0
VERTEX
  8
CONTOUR106_75
 10
79.4917799685
 20
16.6912449764
 30
106.75
 70
    32
  0
VERTEX
  8
CONTOUR106_75
 10
79.4918370018
 20
16.6912213667
 30
106.75
 70
    32
  0
VERTEX
  8
CONTOUR106_75
 10
79.491837992
 20
16.6912209554
 30
106.75
 70
    32
  0
VERTEX
  8
CONTOUR106_75
 10
79.4918382984
 20
16.6912205974
 30
106.75
 70
    32
  0
VERTEX
  8
CONTOUR106_75
 10
79.4918384763
 20
16.6912202527
 30
106.75
 70
    32
  0
VERTEX
  8
CONTOUR106_75
 10
79.4918387846
 20
16.6912193611
 30
106.75
 70
    32
  0
VERTEX
  8
CONTOUR106_75
 10
79.4918625467
 20
16.6911578768
 30
106.75
 70
    32
  0
VERTEX
  8
CONTOUR106_75
 10
79.4918707644
 20
16.6911302527
 30
106.75
 70
    32
  0
VERTEX
  8
CONTOUR106_75
 10
79.4918879741
 20
16.6910964827
 30
106.75
 70
    32
  0
VERTEX
  8
CONTOUR106_75
 10
79.491917992
 20
16.6910497666
 30
106.75
 70
    32
  0
VERTEX
  8
CONTOUR106_75
 10
79.4919225354
 20
16.691045364
 30
106.75
 70
    32
  0
VERTEX
  8
CONTOUR106_75
 10
79.4919246786
 20
16.6910402528
 30
106.75
 70
    32
  0
VERTEX
  8
CONTOUR106_75
 10
79.4919523989
 20
16.6910015451
 30
106.75
 70
    32
  0
VERTEX
  8
CONTOUR106_75
 10
79.4919573283
 20
16.690994506
 30
106.75
 70
    32
  0
VERTEX
  8
CONTOUR106_75
 10
79.4919954244
 20
16.6909502528
 30
106.75
 70
    32
  0
VERTEX
  8
CONTOUR106_75
 10
79.491995927
 20
16.6909479295
 30
106.75
 70
    32
  0
VERTEX
  8
CONTOUR106_75
 10
79.4919967624
 20
16.6908616361
 30
106.75
 70
    32
  0
VERTEX
  8
CONTOUR106_75
 10
79.4919969674
 20
16.6908602528
 30
106.75
 70
    32
  0
VERTEX
  8
CONTOUR106_75
 10
79.4919968371
 20
16.6908589534
 30
106.75
 70
    32
  0
VERTEX
  8
CONTOUR106_75
 10
79.4919874302
 20
16.690782135
 30
106.75
 70
    32
  0
VERTEX
  8
CONTOUR106_75
 10
79.4919863037
 20
16.6907702528
 30
106.75
 70
    32
  0
VERTEX
  8
CONTOUR106_75
 10
79.4919825236
 20
16.6907528508
 30
106.75
 70
    32
  0
VERTEX
  8
CONTOUR106_75
 10
79.4919706363
 20
16.690711028
 30
106.75
 70
    32
  0
VERTEX
  8
CONTOUR106_75
 10
79.4919651641
 20
16.6906802528
 30
106.75
 70
    32
  0
VERTEX
  8
CONTOUR106_75
 10
79.4919586321
 20
16.6906359727
 30
106.75
 70
    32
  0
VERTEX
  8
CONTOUR106_75
 10
79.4919584577
 20
16.6906347291
 30
106.75
 70
    32
  0
VERTEX
  8
CONTOUR106_75
 10
79.4919517661
 20
16.6905902528
 30
106.75
 70
    32
  0
VERTEX
  8
CONTOUR106_75
 10
79.4919456095
 20
16.6905591832
 30
106.75
 70
    32
  0
VERTEX
  8
CONTOUR106_75
 10
79.4919442193
 20
16.6905297584
 30
106.75
 70
    32
  0
VERTEX
  8
CONTOUR106_75
 10
79.4919397979
 20
16.6905002528
 30
106.75
 70
    32
  0
VERTEX
  8
CONTOUR106_75
 10
79.4919416192
 20
16.6904736722
 30
106.75
 70
    32
  0
VERTEX
  8
CONTOUR106_75
 10
79.4919394856
 20
16.6904344331
 30
106.75
 70
    32
  0
VERTEX
  8
CONTOUR106_75
 10
79.4919417263
 20
16.6904102528
 30
106.75
 70
    32
  0
VERTEX
  8
CONTOUR106_75
 10
79.4919366531
 20
16.6903892592
 30
106.75
 70
    32
  0
VERTEX
  8
CONTOUR106_75
 10
79.491917992
 20
16.6903657007
 30
106.75
 70
    32
  0
VERTEX
  8
CONTOUR106_75
 10
79.4919019004
 20
16.6903383559
 30
106.75
 70
    32
  0
VERTEX
  8
CONTOUR106_75
 10
79.491899059
 20
16.6903202529
 30
106.75
 70
    32
  0
VERTEX
  8
CONTOUR106_75
 10
79.4919007464
 20
16.6903008515
 30
106.75
 70
    32
  0
VERTEX
  8
CONTOUR106_75
 10
79.49190371
 20
16.6902463202
 30
106.75
 70
    32
  0
VERTEX
  8
CONTOUR106_75
 10
79.4919050171
 20
16.6902302529
 30
106.75
 70
    32
  0
VERTEX
  8
CONTOUR106_75
 10
79.4918986486
 20
16.6902084916
 30
106.75
 70
    32
  0
VERTEX
  8
CONTOUR106_75
 10
79.4918876848
 20
16.6901743485
 30
106.75
 70
    32
  0
VERTEX
  8
CONTOUR106_75
 10
79.4918786158
 20
16.6901402529
 30
106.75
 70
    32
  0
VERTEX
  8
CONTOUR106_75
 10
79.4918729134
 20
16.6901009663
 30
106.75
 70
    32
  0
VERTEX
  8
CONTOUR106_75
 10
79.4918688012
 20
16.6900849132
 30
106.75
 70
    32
  0
VERTEX
  8
CONTOUR106_75
 10
79.4918625602
 20
16.6900502529
 30
106.75
 70
    32
  0
VERTEX
  8
CONTOUR106_75
 10
79.4918595476
 20
16.6900260029
 30
106.75
 70
    32
  0
VERTEX
  8
CONTOUR106_75
 10
79.491837992
 20
16.6899838795
 30
106.75
 70
    32
  0
VERTEX
  8
CONTOUR106_75
 10
79.4918320458
 20
16.6899669424
 30
106.75
 70
    32
  0
VERTEX
  8
CONTOUR106_75
 10
79.4918266936
 20
16.6899602529
 30
106.75
 70
    32
  0
VERTEX
  8
CONTOUR106_75
 10
79.4918125469
 20
16.6899316272
 30
106.75
 70
    32
  0
VERTEX
  8
CONTOUR106_75
 10
79.4918032451
 20
16.6899093432
 30
106.75
 70
    32
  0
VERTEX
  8
CONTOUR106_75
 10
79.4917745968
 20
16.6898702529
 30
106.75
 70
    32
  0
VERTEX
  8
CONTOUR106_75
 10
79.4917647023
 20
16.6898627039
 30
106.75
 70
    32
  0
VERTEX
  8
CONTOUR106_75
 10
79.491757992
 20
16.6898563054
 30
106.75
 70
    32
  0
VERTEX
  8
CONTOUR106_75
 10
79.4917242615
 20
16.6898181997
 30
106.75
 70
    32
  0
VERTEX
  8
CONTOUR106_75
 10
79.4916906943
 20
16.6897945432
 30
106.75
 70
    32
  0
VERTEX
  8
CONTOUR106_75
 10
79.491677992
 20
16.6897847445
 30
106.75
 70
    32
  0
VERTEX
  8
CONTOUR106_75
 10
79.4916755057
 20
16.6897830499
 30
106.75
 70
    32
  0
VERTEX
  8
CONTOUR106_75
 10
79.491673227
 20
16.6897802529
 30
106.75
 70
    32
  0
VERTEX
  8
CONTOUR106_75
 10
79.4916676007
 20
16.6897685627
 30
106.75
 70
    32
  0
VERTEX
  8
CONTOUR106_75
 10
79.491647079
 20
16.68972503
 30
106.75
 70
    32
  0
VERTEX
  8
CONTOUR106_75
 10
79.4916295093
 20
16.689690253
 30
106.75
 70
    32
  0
VERTEX
  8
CONTOUR106_75
 10
79.4916164456
 20
16.6896694926
 30
106.75
 70
    32
  0
VERTEX
  8
CONTOUR106_75
 10
79.4915979919
 20
16.6896385611
 30
106.75
 70
    32
  0
VERTEX
  8
CONTOUR106_75
 10
79.4915814448
 20
16.6896188685
 30
106.75
 70
    32
  0
VERTEX
  8
CONTOUR106_75
 10
79.4915746195
 20
16.689600253
 30
106.75
 70
    32
  0
SEQEND
  8
CONTOUR106_75
  0
POLYLINE
  8
CONTOUR106_875
 66
     1
 70
     8
  0
VERTEX
  8
CONTOUR106_875
 10
79.4915477882
 20
16.6914902527
 30
106.875
 70
    32
  0
VERTEX
  8
CONTOUR106_875
 10
79.4915615578
 20
16.6914492643
 30
106.875
 70
    32
  0
VERTEX
  8
CONTOUR106_875
 10
79.4915979919
 20
16.6914086707
 30
106.875
 70
    32
  0
VERTEX
  8
CONTOUR106_875
 10
79.4916017469
 20
16.691404477
 30
106.875
 70
    32
  0
VERTEX
  8
CONTOUR106_875
 10
79.4916048125
 20
16.6914002527
 30
106.875
 70
    32
  0
VERTEX
  8
CONTOUR106_875
 10
79.4916362109
 20
16.6913572565
 30
106.875
 70
    32
  0
VERTEX
  8
CONTOUR106_875
 10
79.4916377337
 20
16.6913549623
 30
106.875
 70
    32
  0
VERTEX
  8
CONTOUR106_875
 10
79.4916387633
 20
16.6913543849
 30
106.875
 70
    32
  0
VERTEX
  8
CONTOUR106_875
 10
79.491677992
 20
16.6913265355
 30
106.875
 70
    32
  0
VERTEX
  8
CONTOUR106_875
 10
79.4916858403
 20
16.6913190822
 30
106.875
 70
    32
  0
VERTEX
  8
CONTOUR106_875
 10
79.49169155
 20
16.6913102527
 30
106.875
 70
    32
  0
VERTEX
  8
CONTOUR106_875
 10
79.4917069368
 20
16.6912776898
 30
106.875
 70
    32
  0
VERTEX
  8
CONTOUR106_875
 10
79.4917136751
 20
16.6912603962
 30
106.875
 70
    32
  0
VERTEX
  8
CONTOUR106_875
 10
79.4917420735
 20
16.6912202527
 30
106.875
 70
    32
  0
VERTEX
  8
CONTOUR106_875
 10
79.4917501361
 20
16.6912114149
 30
106.875
 70
    32
  0
VERTEX
  8
CONTOUR106_875
 10
79.491757992
 20
16.6912054627
 30
106.875
 70
    32
  0
VERTEX
  8
CONTOUR106_875
 10
79.4917875701
 20
16.6911869774
 30
106.875
 70
    32
  0
VERTEX
  8
CONTOUR106_875
 10
79.4918022793
 20
16.6911800759
 30
106.875
 70
    32
  0
VERTEX
  8
CONTOUR106_875
 10
79.491837992
 20
16.6911375585
 30
106.875
 70
    32
  0
VERTEX
  8
CONTOUR106_875
 10
79.4918399599
 20
16.6911324666
 30
106.875
 70
    32
  0
VERTEX
  8
CONTOUR106_875
 10
79.4918406185
 20
16.6911302527
 30
106.875
 70
    32
  0
VERTEX
  8
CONTOUR106_875
 10
79.4918441476
 20
16.6911233277
 30
106.875
 70
    32
  0
VERTEX
  8
CONTOUR106_875
 10
79.4918676749
 20
16.6910736461
 30
106.875
 70
    32
  0
VERTEX
  8
CONTOUR106_875
 10
79.4918882681
 20
16.6910402528
 30
106.875
 70
    32
  0
VERTEX
  8
CONTOUR106_875
 10
79.4919000393
 20
16.6910200559
 30
106.875
 70
    32
  0
VERTEX
  8
CONTOUR106_875
 10
79.491917992
 20
16.6909943855
 30
106.875
 70
    32
  0
VERTEX
  8
CONTOUR106_875
 10
79.4919352789
 20
16.6909697004
 30
106.875
 70
    32
  0
VERTEX
  8
CONTOUR106_875
 10
79.4919520207
 20
16.6909502528
 30
106.875
 70
    32
  0
VERTEX
  8
CONTOUR106_875
 10
79.4919610183
 20
16.6909086573
 30
106.875
 70
    32
  0
VERTEX
  8
CONTOUR106_875
 10
79.491961085
 20
16.6909017732
 30
106.875
 70
    32
  0
VERTEX
  8
CONTOUR106_875
 10
79.491967237
 20
16.6908602528
 30
106.875
 70
    32
  0
VERTEX
  8
CONTOUR106_875
 10
79.4919633263
 20
16.6908212537
 30
106.875
 70
    32
  0
VERTEX
  8
CONTOUR106_875
 10
79.4919620345
 20
16.6908107051
 30
106.875
 70
    32
  0
VERTEX
  8
CONTOUR106_875
 10
79.4919581998
 20
16.6907702528
 30
106.875
 70
    32
  0
VERTEX
  8
CONTOUR106_875
 10
79.4919503037
 20
16.6907339023
 30
106.875
 70
    32
  0
VERTEX
  8
CONTOUR106_875
 10
79.4919482022
 20
16.6907142391
 30
106.875
 70
    32
  0
VERTEX
  8
CONTOUR106_875
 10
79.4919421588
 20
16.6906802528
 30
106.875
 70
    32
  0
VERTEX
  8
CONTOUR106_875
 10
79.4919387191
 20
16.6906569349
 30
106.875
 70
    32
  0
VERTEX
  8
CONTOUR106_875
 10
79.4919304051
 20
16.6906042174
 30
106.875
 70
    32
  0
VERTEX
  8
CONTOUR106_875
 10
79.4919283041
 20
16.6905902528
 30
106.875
 70
    32
  0
VERTEX
  8
CONTOUR106_875
 10
79.4919264244
 20
16.6905807665
 30
106.875
 70
    32
  0
VERTEX
  8
CONTOUR106_875
 10
79.49192288
 20
16.6905057517
 30
106.875
 70
    32
  0
VERTEX
  8
CONTOUR106_875
 10
79.491922056
 20
16.6905002528
 30
106.875
 70
    32
  0
VERTEX
  8
CONTOUR106_875
 10
79.4919223955
 20
16.6904952991
 30
106.875
 70
    32
  0
VERTEX
  8
CONTOUR106_875
 10
79.491917992
 20
16.69041432
 30
106.875
 70
    32
  0
VERTEX
  8
CONTOUR106_875
 10
79.4919176507
 20
16.6904106368
 30
106.875
 70
    32
  0
VERTEX
  8
CONTOUR106_875
 10
79.4919175029
 20
16.6904102528
 30
106.875
 70
    32
  0
VERTEX
  8
CONTOUR106_875
 10
79.4919171419
 20
16.6904092964
 30
106.875
 70
    32
  0
VERTEX
  8
CONTOUR106_875
 10
79.4918859532
 20
16.6903562966
 30
106.875
 70
    32
  0
VERTEX
  8
CONTOUR106_875
 10
79.4918802955
 20
16.6903202529
 30
106.875
 70
    32
  0
VERTEX
  8
CONTOUR106_875
 10
79.4918836555
 20
16.6902816243
 30
106.875
 70
    32
  0
VERTEX
  8
CONTOUR106_875
 10
79.4918843931
 20
16.6902680516
 30
106.875
 70
    32
  0
VERTEX
  8
CONTOUR106_875
 10
79.4918874682
 20
16.6902302529
 30
106.875
 70
    32
  0
VERTEX
  8
CONTOUR106_875
 10
79.4918752135
 20
16.6901883786
 30
106.875
 70
    32
  0
VERTEX
  8
CONTOUR106_875
 10
79.4918732019
 20
16.6901798641
 30
106.875
 70
    32
  0
VERTEX
  8
CONTOUR106_875
 10
79.491862666
 20
16.6901402529
 30
106.875
 70
    32
  0
VERTEX
  8
CONTOUR106_875
 10
79.4918592024
 20
16.6901163911
 30
106.875
 70
    32
  0
VERTEX
  8
CONTOUR106_875
 10
79.4918439885
 20
16.6900569989
 30
106.875
 70
    32
  0
VERTEX
  8
CONTOUR106_875
 10
79.4918427738
 20
16.6900502529
 30
106.875
 70
    32
  0
VERTEX
  8
CONTOUR106_875
 10
79.4918421874
 20
16.6900455331
 30
106.875
 70
    32
  0
VERTEX
  8
CONTOUR106_875
 10
79.491837992
 20
16.6900373345
 30
106.875
 70
    32
  0
VERTEX
  8
CONTOUR106_875
 10
79.4918185925
 20
16.6899820773
 30
106.875
 70
    32
  0
VERTEX
  8
CONTOUR106_875
 10
79.4918011311
 20
16.6899602529
 30
106.875
 70
    32
  0
VERTEX
  8
CONTOUR106_875
 10
79.4917857169
 20
16.6899290623
 30
106.875
 70
    32
  0
VERTEX
  8
CONTOUR106_875
 10
79.491757992
 20
16.6898927362
 30
106.875
 70
    32
  0
VERTEX
  8
CONTOUR106_875
 10
79.4917495713
 20
16.6898797262
 30
106.875
 70
    32
  0
VERTEX
  8
CONTOUR106_875
 10
79.4917451276
 20
16.6898702529
 30
106.875
 70
    32
  0
VERTEX
  8
CONTOUR106_875
 10
79.4917116168
 20
16.689832425
 30
106.875
 70
    32
  0
VERTEX
  8
CONTOUR106_875
 10
79.491677992
 20
16.6898064869
 30
106.875
 70
    32
  0
VERTEX
  8
CONTOUR106_875
 10
79.4916634705
 20
16.6897965896
 30
106.875
 70
    32
  0
VERTEX
  8
CONTOUR106_875
 10
79.4916501615
 20
16.6897802529
 30
106.875
 70
    32
  0
VERTEX
  8
CONTOUR106_875
 10
79.4916318364
 20
16.6897421779
 30
106.875
 70
    32
  0
VERTEX
  8
CONTOUR106_875
 10
79.4916149172
 20
16.689709294
 30
106.875
 70
    32
  0
VERTEX
  8
CONTOUR106_875
 10
79.4916052976
 20
16.689690253
 30
106.875
 70
    32
  0
VERTEX
  8
CONTOUR106_875
 10
79.4916022694
 20
16.6896854408
 30
106.875
 70
    32
  0
VERTEX
  8
CONTOUR106_875
 10
79.4915979919
 20
16.6896782709
 30
106.875
 70
    32
  0
VERTEX
  8
CONTOUR106_875
 10
79.4915642922
 20
16.6896381651
 30
106.875
 70
    32
  0
VERTEX
  8
CONTOUR106_875
 10
79.4915503919
 20
16.689600253
 30
106.875
 70
    32
  0
SEQEND
  8
CONTOUR106_875
  0
POLYLINE
  8
CONTOUR107
 66
     1
 70
     8
 39
1.95400004304e-06
 40
1.95400004304e-06
 41
1.95400004304e-06
  0
VERTEX
  8
CONTOUR107
 10
79.4915191332
 20
16.6914902527
 30
107
 70
    32
 39
1.95400004304e-06
 40
1.95400004304e-06
 41
1.95400004304e-06
  0
VERTEX
  8
CONTOUR107
 10
79.4915198267
 20
16.6914881886
 30
107
 70
    32
 39
1.95400004304e-06
 40
1.95400004304e-06
 41
1.95400004304e-06
  0
VERTEX
  8
CONTOUR107
 10
79.4915263024
 20
16.6914096021
 30
107
 70
    32
 39
1.95400004304e-06
 40
1.95400004304e-06
 41
1.95400004304e-06
  0
SEQEND
  8
CONTOUR107
  0
TEXT
  8
CONTOUR107
 10
79.4914896824
 20
16.691369812
 30
107
 40
3.90800014429e-05
  1
107
  0
POLYLINE
  8
CONTOUR107
 66
     1
 70
     8
 39
1.95400004304e-06
 40
1.95400004304e-06
 41
1.95400004304e-06
  0
VERTEX
  8
CONTOUR107
 10
79.4915703023
 20
16.6913691019
 30
107
 70
    32
 39
1.95400004304e-06
 40
1.95400004304e-06
 41
1.95400004304e-06
  0
VERTEX
  8
CONTOUR107
 10
79.4915703023
 20
16.6913691019
 30
107
 70
    32
 39
1.95400004304e-06
 40
1.95400004304e-06
 41
1.95400004304e-06
  0
VERTEX
  8
CONTOUR107
 10
79.4915979919
 20
16.6913341846
 30
107
 70
    32
 39
1.95400004304e-06
 40
1.95400004304e-06
 41
1.95400004304e-06
  0
VERTEX
  8
CONTOUR107
 10
79.4916070864
 20
16.691320484
 30
107
 70
    32
 39
1.95400004304e-06
 40
1.95400004304e-06
 41
1.95400004304e-06
  0
VERTEX
  8
CONTOUR107
 10
79.4916253319
 20
16.6913102527
 30
107
 70
    32
 39
1.95400004304e-06
 40
1.95400004304e-06
 41
1.95400004304e-06
  0
VERTEX
  8
CONTOUR107
 10
79.4916588849
 20
16.6912887573
 30
107
 70
    32
 39
1.95400004304e-06
 40
1.95400004304e-06
 41
1.95400004304e-06
  0
VERTEX
  8
CONTOUR107
 10
79.491677992
 20
16.6912545898
 30
107
 70
    32
 39
1.95400004304e-06
 40
1.95400004304e-06
 41
1.95400004304e-06
  0
VERTEX
  8
CONTOUR107
 10
79.4916872937
 20
16.6912307171
 30
107
 70
    32
 39
1.95400004304e-06
 40
1.95400004304e-06
 41
1.95400004304e-06
  0
VERTEX
  8
CONTOUR107
 10
79.4916946964
 20
16.6912202527
 30
107
 70
    32
 39
1.95400004304e-06
 40
1.95400004304e-06
 41
1.95400004304e-06
  0
VERTEX
  8
CONTOUR107
 10
79.4917267553
 20
16.6911851115
 30
107
 70
    32
 39
1.95400004304e-06
 40
1.95400004304e-06
 41
1.95400004304e-06
  0
VERTEX
  8
CONTOUR107
 10
79.491757992
 20
16.6911614443
 30
107
 70
    32
 39
1.95400004304e-06
 40
1.95400004304e-06
 41
1.95400004304e-06
  0
VERTEX
  8
CONTOUR107
 10
79.4917758161
 20
16.6911503048
 30
107
 70
    32
 39
1.95400004304e-06
 40
1.95400004304e-06
 41
1.95400004304e-06
  0
VERTEX
  8
CONTOUR107
 10
79.4917929528
 20
16.6911302527
 30
107
 70
    32
 39
1.95400004304e-06
 40
1.95400004304e-06
 41
1.95400004304e-06
  0
VERTEX
  8
CONTOUR107
 10
79.4918100619
 20
16.6910988314
 30
107
 70
    32
 39
1.95400004304e-06
 40
1.95400004304e-06
 41
1.95400004304e-06
  0
VERTEX
  8
CONTOUR107
 10
79.491837992
 20
16.6910666172
 30
107
 70
    32
 39
1.95400004304e-06
 40
1.95400004304e-06
 41
1.95400004304e-06
  0
SEQEND
  8
CONTOUR107
  0
TEXT
  8
CONTOUR107
 10
79.4917993792
 20
16.691011403
 30
107
 40
3.90800014429e-05
  1
107
  0
POLYLINE
  8
CONTOUR107
 66
     1
 70
     8
 39
1.95400004304e-06
 40
1.95400004304e-06
 41
1.95400004304e-06
  0
VERTEX
  8
CONTOUR107
 10
79.4918780063
 20
16.6909952688
 30
107
 70
    32
 39
1.95400004304e-06
 40
1.95400004304e-06
 41
1.95400004304e-06
  0
VERTEX
  8
CONTOUR107
 10
79.4918780063
 20
16.6909952688
 30
107
 70
    32
 39
1.95400004304e-06
 40
1.95400004304e-06
 41
1.95400004304e-06
  0
VERTEX
  8
CONTOUR107
 10
79.4918781118
 20
16.6909951181
 30
107
 70
    32
 39
1.95400004304e-06
 40
1.95400004304e-06
 41
1.95400004304e-06
  0
VERTEX
  8
CONTOUR107
 10
79.4919087574
 20
16.6909502528
 30
107
 70
    32
 39
1.95400004304e-06
 40
1.95400004304e-06
 41
1.95400004304e-06
  0
VERTEX
  8
CONTOUR107
 10
79.4919112675
 20
16.6909426877
 30
107
 70
    32
 39
1.95400004304e-06
 40
1.95400004304e-06
 41
1.95400004304e-06
  0
VERTEX
  8
CONTOUR107
 10
79.491917992
 20
16.6909279691
 30
107
 70
    32
 39
1.95400004304e-06
 40
1.95400004304e-06
 41
1.95400004304e-06
  0
VERTEX
  8
CONTOUR107
 10
79.4919347185
 20
16.6908790699
 30
107
 70
    32
 39
1.95400004304e-06
 40
1.95400004304e-06
 41
1.95400004304e-06
  0
VERTEX
  8
CONTOUR107
 10
79.4919375065
 20
16.6908602528
 30
107
 70
    32
 39
1.95400004304e-06
 40
1.95400004304e-06
 41
1.95400004304e-06
  0
VERTEX
  8
CONTOUR107
 10
79.4919355283
 20
16.6908405246
 30
107
 70
    32
 39
1.95400004304e-06
 40
1.95400004304e-06
 41
1.95400004304e-06
  0
VERTEX
  8
CONTOUR107
 10
79.4919315407
 20
16.690785495
 30
107
 70
    32
 39
1.95400004304e-06
 40
1.95400004304e-06
 41
1.95400004304e-06
  0
VERTEX
  8
CONTOUR107
 10
79.4919300959
 20
16.6907702528
 30
107
 70
    32
 39
1.95400004304e-06
 40
1.95400004304e-06
 41
1.95400004304e-06
  0
VERTEX
  8
CONTOUR107
 10
79.4919277189
 20
16.6907593102
 30
107
 70
    32
 39
1.95400004304e-06
 40
1.95400004304e-06
 41
1.95400004304e-06
  0
VERTEX
  8
CONTOUR107
 10
79.4919194441
 20
16.6906818864
 30
107
 70
    32
 39
1.95400004304e-06
 40
1.95400004304e-06
 41
1.95400004304e-06
  0
VERTEX
  8
CONTOUR107
 10
79.4919191536
 20
16.6906802528
 30
107
 70
    32
 39
1.95400004304e-06
 40
1.95400004304e-06
 41
1.95400004304e-06
  0
VERTEX
  8
CONTOUR107
 10
79.4919189883
 20
16.690679132
 30
107
 70
    32
 39
1.95400004304e-06
 40
1.95400004304e-06
 41
1.95400004304e-06
  0
VERTEX
  8
CONTOUR107
 10
79.491917992
 20
16.6906728149
 30
107
 70
    32
 39
1.95400004304e-06
 40
1.95400004304e-06
 41
1.95400004304e-06
  0
VERTEX
  8
CONTOUR107
 10
79.4919007855
 20
16.6906096101
 30
107
 70
    32
 39
1.95400004304e-06
 40
1.95400004304e-06
 41
1.95400004304e-06
  0
SEQEND
  8
CONTOUR107
  0
TEXT
  8
CONTOUR107
 10
79.491841917
 20
16.6905704332
 30
107
 40
3.90800014429e-05
  1
107
  0
POLYLINE
  8
CONTOUR107
 66
     1
 70
     8
 39
1.95400004304e-06
 40
1.95400004304e-06
 41
1.95400004304e-06
  0
VERTEX
  8
CONTOUR107
 10
79.4919002884
 20
16.6905703363
 30
107
 70
    32
 39
1.95400004304e-06
 40
1.95400004304e-06
 41
1.95400004304e-06
  0
VERTEX
  8
CONTOUR107
 10
79.4919002884
 20
16.6905703363
 30
107
 70
    32
 39
1.95400004304e-06
 40
1.95400004304e-06
 41
1.95400004304e-06
  0
VERTEX
  8
CONTOUR107
 10
79.4918971109
 20
16.690523744
 30
107
 70
    32
 39
1.95400004304e-06
 40
1.95400004304e-06
 41
1.95400004304e-06
  0
VERTEX
  8
CONTOUR107
 10
79.4918961985
 20
16.6905002528
 30
107
 70
    32
 39
1.95400004304e-06
 40
1.95400004304e-06
 41
1.95400004304e-06
  0
VERTEX
  8
CONTOUR107
 10
79.4918880759
 20
16.6904665972
 30
107
 70
    32
 39
1.95400004304e-06
 40
1.95400004304e-06
 41
1.95400004304e-06
  0
VERTEX
  8
CONTOUR107
 10
79.491886172
 20
16.6904460503
 30
107
 70
    32
 39
1.95400004304e-06
 40
1.95400004304e-06
 41
1.95400004304e-06
  0
VERTEX
  8
CONTOUR107
 10
79.4918723822
 20
16.6904102528
 30
107
 70
    32
 39
1.95400004304e-06
 40
1.95400004304e-06
 41
1.95400004304e-06
  0
VERTEX
  8
CONTOUR107
 10
79.4918621314
 20
16.6903830961
 30
107
 70
    32
 39
1.95400004304e-06
 40
1.95400004304e-06
 41
1.95400004304e-06
  0
VERTEX
  8
CONTOUR107
 10
79.4918665804
 20
16.6903524148
 30
107
 70
    32
 39
1.95400004304e-06
 40
1.95400004304e-06
 41
1.95400004304e-06
  0
VERTEX
  8
CONTOUR107
 10
79.491861532
 20
16.6903202529
 30
107
 70
    32
 39
1.95400004304e-06
 40
1.95400004304e-06
 41
1.95400004304e-06
  0
VERTEX
  8
CONTOUR107
 10
79.4918640853
 20
16.6902908978
 30
107
 70
    32
 39
1.95400004304e-06
 40
1.95400004304e-06
 41
1.95400004304e-06
  0
VERTEX
  8
CONTOUR107
 10
79.4918672421
 20
16.6902631593
 30
107
 70
    32
 39
1.95400004304e-06
 40
1.95400004304e-06
 41
1.95400004304e-06
  0
VERTEX
  8
CONTOUR107
 10
79.4918699192
 20
16.6902302529
 30
107
 70
    32
 39
1.95400004304e-06
 40
1.95400004304e-06
 41
1.95400004304e-06
  0
VERTEX
  8
CONTOUR107
 10
79.4918620113
 20
16.6902032312
 30
107
 70
    32
 39
1.95400004304e-06
 40
1.95400004304e-06
 41
1.95400004304e-06
  0
VERTEX
  8
CONTOUR107
 10
79.4918504415
 20
16.6901542585
 30
107
 70
    32
 39
1.95400004304e-06
 40
1.95400004304e-06
 41
1.95400004304e-06
  0
SEQEND
  8
CONTOUR107
  0
TEXT
  8
CONTOUR107
 10
79.4917855967
 20
16.6901088589
 30
107
 40
3.90800014429e-05
  1
107
  0
POLYLINE
  8
CONTOUR107
 66
     1
 70
     8
 39
1.95400004304e-06
 40
1.95400004304e-06
 41
1.95400004304e-06
  0
VERTEX
  8
CONTOUR107
 10
79.491837992
 20
16.6901025393
 30
107
 70
    32
 39
1.95400004304e-06
 40
1.95400004304e-06
 41
1.95400004304e-06
  0
VERTEX
  8
CONTOUR107
 10
79.491837992
 20
16.6901025393
 30
107
 70
    32
 39
1.95400004304e-06
 40
1.95400004304e-06
 41
1.95400004304e-06
  0
VERTEX
  8
CONTOUR107
 10
79.4918280259
 20
16.6900614647
 30
107
 70
    32
 39
1.95400004304e-06
 40
1.95400004304e-06
 41
1.95400004304e-06
  0
VERTEX
  8
CONTOUR107
 10
79.4918267494
 20
16.6900502529
 30
107
 70
    32
 39
1.95400004304e-06
 40
1.95400004304e-06
 41
1.95400004304e-06
  0
VERTEX
  8
CONTOUR107
 10
79.4918144705
 20
16.6900237912
 30
107
 70
    32
 39
1.95400004304e-06
 40
1.95400004304e-06
 41
1.95400004304e-06
  0
VERTEX
  8
CONTOUR107
 10
79.4918051393
 20
16.6899972122
 30
107
 70
    32
 39
1.95400004304e-06
 40
1.95400004304e-06
 41
1.95400004304e-06
  0
VERTEX
  8
CONTOUR107
 10
79.4917755687
 20
16.6899602529
 30
107
 70
    32
 39
1.95400004304e-06
 40
1.95400004304e-06
 41
1.95400004304e-06
  0
VERTEX
  8
CONTOUR107
 10
79.4917692883
 20
16.6899475445
 30
107
 70
    32
 39
1.95400004304e-06
 40
1.95400004304e-06
 41
1.95400004304e-06
  0
VERTEX
  8
CONTOUR107
 10
79.491757992
 20
16.6899327437
 30
107
 70
    32
 39
1.95400004304e-06
 40
1.95400004304e-06
 41
1.95400004304e-06
  0
VERTEX
  8
CONTOUR107
 10
79.4917345873
 20
16.6898965833
 30
107
 70
    32
 39
1.95400004304e-06
 40
1.95400004304e-06
 41
1.95400004304e-06
  0
VERTEX
  8
CONTOUR107
 10
79.4917222362
 20
16.6898702529
 30
107
 70
    32
 39
1.95400004304e-06
 40
1.95400004304e-06
 41
1.95400004304e-06
  0
VERTEX
  8
CONTOUR107
 10
79.4917001517
 20
16.6898453233
 30
107
 70
    32
 39
1.95400004304e-06
 40
1.95400004304e-06
 41
1.95400004304e-06
  0
VERTEX
  8
CONTOUR107
 10
79.491677992
 20
16.6898282293
 30
107
 70
    32
 39
1.95400004304e-06
 40
1.95400004304e-06
 41
1.95400004304e-06
  0
VERTEX
  8
CONTOUR107
 10
79.4916514352
 20
16.6898101292
 30
107
 70
    32
 39
1.95400004304e-06
 40
1.95400004304e-06
 41
1.95400004304e-06
  0
VERTEX
  8
CONTOUR107
 10
79.4916270959
 20
16.6897802529
 30
107
 70
    32
 39
1.95400004304e-06
 40
1.95400004304e-06
 41
1.95400004304e-06
  0
VERTEX
  8
CONTOUR107
 10
79.4916168728
 20
16.6897590119
 30
107
 70
    32
 39
1.95400004304e-06
 40
1.95400004304e-06
 41
1.95400004304e-06
  0
SEQEND
  8
CONTOUR107
  0
TEXT
  8
CONTOUR107
 10
79.4915378883
 20
16.689717382
 30
107
 40
3.90800014429e-05
  1
107
  0
POLYLINE
  8
CONTOUR107
 66
     1
 70
     8
 39
1.95400004304e-06
 40
1.95400004304e-06
 41
1.95400004304e-06
  0
VERTEX
  8
CONTOUR107
 10
79.4915761437
 20
16.6897148322
 30
107
 70
    32
 39
1.95400004304e-06
 40
1.95400004304e-06
 41
1.95400004304e-06
  0
VERTEX
  8
CONTOUR107
 10
79.4915761437
 20
16.6897148322
 30
107
 70
    32
 39
1.95400004304e-06
 40
1.95400004304e-06
 41
1.95400004304e-06
  0
VERTEX
  8
CONTOUR107
 10
79.49156058
 20
16.689690253
 30
107
 70
    32
 39
1.95400004304e-06
 40
1.95400004304e-06
 41
1.95400004304e-06
  0
VERTEX
  8
CONTOUR107
 10
79.491540264
 20
16.6896651969
 30
107
 70
    32
 39
1.95400004304e-06
 40
1.95400004304e-06
 41
1.95400004304e-06
  0
VERTEX
  8
CONTOUR107
 10
79.4915319018
 20
16.6896159016
 30
107
 70
    32
 39
1.95400004304e-06
 40
1.95400004304e-06
 41
1.95400004304e-06
  0
VERTEX
  8
CONTOUR107
 10
79.4915261643
 20
16.689600253
 30
107
 70
    32
 39
1.95400004304e-06
 40
1.95400004304e-06
 41
1.95400004304e-06
  0
SEQEND
  8
CONTOUR107
  0
POLYLINE
  8
CONTOUR107_125
 66
     1
 70
     8
  0
VERTEX
  8
CONTOUR107_125
 10
79.491488042
 20
16.6914902527
 30
107.125
 70
    32
  0
VERTEX
  8
CONTOUR107_125
 10
79.49149329
 20
16.6914624631
 30
107.125
 70
    32
  0
VERTEX
  8
CONTOUR107_125
 10
79.4914952609
 20
16.6914258251
 30
107.125
 70
    32
  0
VERTEX
  8
CONTOUR107_125
 10
79.4914990147
 20
16.6914002527
 30
107.125
 70
    32
  0
VERTEX
  8
CONTOUR107_125
 10
79.4915048235
 20
16.6913854383
 30
107.125
 70
    32
  0
VERTEX
  8
CONTOUR107_125
 10
79.4915179919
 20
16.6913546503
 30
107.125
 70
    32
  0
VERTEX
  8
CONTOUR107_125
 10
79.4915397983
 20
16.6913347849
 30
107.125
 70
    32
  0
VERTEX
  8
CONTOUR107_125
 10
79.4915595966
 20
16.6913102527
 30
107.125
 70
    32
  0
VERTEX
  8
CONTOUR107_125
 10
79.4915821566
 20
16.691292438
 30
107.125
 70
    32
  0
VERTEX
  8
CONTOUR107_125
 10
79.4915979919
 20
16.6912804743
 30
107.125
 70
    32
  0
VERTEX
  8
CONTOUR107_125
 10
79.4916296456
 20
16.691255863
 30
107.125
 70
    32
  0
VERTEX
  8
CONTOUR107_125
 10
79.4916529665
 20
16.6912202527
 30
107.125
 70
    32
  0
VERTEX
  8
CONTOUR107_125
 10
79.4916614055
 20
16.691201593
 30
107.125
 70
    32
  0
VERTEX
  8
CONTOUR107_125
 10
79.491677992
 20
16.6911792614
 30
107.125
 70
    32
  0
VERTEX
  8
CONTOUR107_125
 10
79.4917001195
 20
16.6911551462
 30
107.125
 70
    32
  0
VERTEX
  8
CONTOUR107_125
 10
79.491736112
 20
16.6911302527
 30
107.125
 70
    32
  0
VERTEX
  8
CONTOUR107_125
 10
79.4917485405
 20
16.6911196198
 30
107.125
 70
    32
  0
VERTEX
  8
CONTOUR107_125
 10
79.491757992
 20
16.6910925421
 30
107.125
 70
    32
  0
VERTEX
  8
CONTOUR107_125
 10
79.491774001
 20
16.6910582629
 30
107.125
 70
    32
  0
VERTEX
  8
CONTOUR107_125
 10
79.4917895016
 20
16.6910402528
 30
107.125
 70
    32
  0
VERTEX
  8
CONTOUR107_125
 10
79.4918198295
 20
16.6910198199
 30
107.125
 70
    32
  0
VERTEX
  8
CONTOUR107_125
 10
79.491837992
 20
16.6909964297
 30
107.125
 70
    32
  0
VERTEX
  8
CONTOUR107_125
 10
79.4918538318
 20
16.6909680726
 30
107.125
 70
    32
  0
VERTEX
  8
CONTOUR107_125
 10
79.4918660039
 20
16.6909502528
 30
107.125
 70
    32
  0
VERTEX
  8
CONTOUR107_125
 10
79.4918801354
 20
16.6909076642
 30
107.125
 70
    32
  0
VERTEX
  8
CONTOUR107_125
 10
79.491884669
 20
16.6908977411
 30
107.125
 70
    32
  0
VERTEX
  8
CONTOUR107_125
 10
79.4918999478
 20
16.6908602528
 30
107.125
 70
    32
  0
VERTEX
  8
CONTOUR107_125
 10
79.4919026954
 20
16.6908430441
 30
107.125
 70
    32
  0
VERTEX
  8
CONTOUR107_125
 10
79.491897736
 20
16.6907930409
 30
107.125
 70
    32
  0
VERTEX
  8
CONTOUR107_125
 10
79.4918999337
 20
16.6907702528
 30
107.125
 70
    32
  0
VERTEX
  8
CONTOUR107_125
 10
79.4918885626
 20
16.6907371447
 30
107.125
 70
    32
  0
VERTEX
  8
CONTOUR107_125
 10
79.49188508
 20
16.6907172787
 30
107.125
 70
    32
  0
VERTEX
  8
CONTOUR107_125
 10
79.4918610278
 20
16.6906802528
 30
107.125
 70
    32
  0
VERTEX
  8
CONTOUR107_125
 10
79.491861934
 20
16.690653318
 30
107.125
 70
    32
  0
VERTEX
  8
CONTOUR107_125
 10
79.4918703807
 20
16.6906266902
 30
107.125
 70
    32
  0
VERTEX
  8
CONTOUR107_125
 10
79.4918709962
 20
16.6905902528
 30
107.125
 70
    32
  0
VERTEX
  8
CONTOUR107_125
 10
79.4918695282
 20
16.6905547746
 30
107.125
 70
    32
  0
VERTEX
  8
CONTOUR107_125
 10
79.4918692977
 20
16.6905354718
 30
107.125
 70
    32
  0
VERTEX
  8
CONTOUR107_125
 10
79.49186793
 20
16.6905002528
 30
107.125
 70
    32
  0
VERTEX
  8
CONTOUR107_125
 10
79.491861537
 20
16.6904737646
 30
107.125
 70
    32
  0
VERTEX
  8
CONTOUR107_125
 10
79.491837992
 20
16.6904267572
 30
107.125
 70
    32
  0
VERTEX
  8
CONTOUR107_125
 10
79.4918340356
 20
16.6904147038
 30
107.125
 70
    32
  0
VERTEX
  8
CONTOUR107_125
 10
79.4918338297
 20
16.6904102528
 30
107.125
 70
    32
  0
VERTEX
  8
CONTOUR107_125
 10
79.4918340004
 20
16.6904057622
 30
107.125
 70
    32
  0
VERTEX
  8
CONTOUR107_125
 10
79.491837992
 20
16.6903667834
 30
107.125
 70
    32
  0
VERTEX
  8
CONTOUR107_125
 10
79.491843793
 20
16.690326779
 30
107.125
 70
    32
  0
VERTEX
  8
CONTOUR107_125
 10
79.4918427685
 20
16.6903202529
 30
107.125
 70
    32
  0
VERTEX
  8
CONTOUR107_125
 10
79.4918432867
 20
16.6903142964
 30
107.125
 70
    32
  0
VERTEX
  8
CONTOUR107_125
 10
79.4918511646
 20
16.6902450721
 30
107.125
 70
    32
  0
VERTEX
  8
CONTOUR107_125
 10
79.4918523702
 20
16.6902302529
 30
107.125
 70
    32
  0
VERTEX
  8
CONTOUR107_125
 10
79.491848809
 20
16.6902180839
 30
107.125
 70
    32
  0
VERTEX
  8
CONTOUR107_125
 10
79.491837992
 20
16.6901722978
 30
107.125
 70
    32
  0
VERTEX
  8
CONTOUR107_125
 10
79.4918296376
 20
16.6901496516
 30
107.125
 70
    32
  0
VERTEX
  8
CONTOUR107_125
 10
79.4918292964
 20
16.6901402529
 30
107.125
 70
    32
  0
VERTEX
  8
CONTOUR107_125
 10
79.4918275677
 20
16.6901285256
 30
107.125
 70
    32
  0
VERTEX
  8
CONTOUR107_125
 10
79.4918148839
 20
16.6900762496
 30
107.125
 70
    32
  0
VERTEX
  8
CONTOUR107_125
 10
79.4918119239
 20
16.6900502529
 30
107.125
 70
    32
  0
VERTEX
  8
CONTOUR107_125
 10
79.4917934263
 20
16.6900103894
 30
107.125
 70
    32
  0
VERTEX
  8
CONTOUR107_125
 10
79.491757992
 20
16.6899673705
 30
107.125
 70
    32
  0
VERTEX
  8
CONTOUR107_125
 10
79.4917538041
 20
16.6899649642
 30
107.125
 70
    32
  0
VERTEX
  8
CONTOUR107_125
 10
79.4917486808
 20
16.6899602529
 30
107.125
 70
    32
  0
VERTEX
  8
CONTOUR107_125
 10
79.4917282345
 20
16.6899267758
 30
107.125
 70
    32
  0
VERTEX
  8
CONTOUR107_125
 10
79.4917196032
 20
16.6899134403
 30
107.125
 70
    32
  0
VERTEX
  8
CONTOUR107_125
 10
79.4916993449
 20
16.6898702529
 30
107.125
 70
    32
  0
VERTEX
  8
CONTOUR107_125
 10
79.4916886865
 20
16.6898582215
 30
107.125
 70
    32
  0
VERTEX
  8
CONTOUR107_125
 10
79.491677992
 20
16.6898499717
 30
107.125
 70
    32
  0
VERTEX
  8
CONTOUR107_125
 10
79.4916394001
 20
16.6898236689
 30
107.125
 70
    32
  0
VERTEX
  8
CONTOUR107_125
 10
79.4916040303
 20
16.6897802529
 30
107.125
 70
    32
  0
VERTEX
  8
CONTOUR107_125
 10
79.4916019093
 20
16.6897758459
 30
107.125
 70
    32
  0
VERTEX
  8
CONTOUR107_125
 10
79.4915979919
 20
16.6897682321
 30
107.125
 70
    32
  0
VERTEX
  8
CONTOUR107_125
 10
79.49158263
 20
16.6897629707
 30
107.125
 70
    32
  0
VERTEX
  8
CONTOUR107_125
 10
79.4915281074
 20
16.6897802529
 30
107.125
 70
    32
  0
VERTEX
  8
CONTOUR107_125
 10
79.491518937
 20
16.6897813162
 30
107.125
 70
    32
  0
VERTEX
  8
CONTOUR107_125
 10
79.4915179919
 20
16.6897812009
 30
107.125
 70
    32
  0
VERTEX
  8
CONTOUR107_125
 10
79.491517513
 20
16.6897807917
 30
107.125
 70
    32
  0
VERTEX
  8
CONTOUR107_125
 10
79.4915170792
 20
16.6897802529
 30
107.125
 70
    32
  0
VERTEX
  8
CONTOUR107_125
 10
79.4915167297
 20
16.6897788329
 30
107.125
 70
    32
  0
VERTEX
  8
CONTOUR107_125
 10
79.4915119943
 20
16.6896970003
 30
107.125
 70
    32
  0
VERTEX
  8
CONTOUR107_125
 10
79.4915089589
 20
16.689690253
 30
107.125
 70
    32
  0
SEQEND
  8
CONTOUR107_125
  0
POLYLINE
  8
CONTOUR107_25
 66
     1
 70
     8
  0
VERTEX
  8
CONTOUR107_25
 10
79.4914568497
 20
16.6914902527
 30
107.25
 70
    32
  0
VERTEX
  8
CONTOUR107_25
 10
79.4914619369
 20
16.6914633146
 30
107.25
 70
    32
  0
VERTEX
  8
CONTOUR107_25
 10
79.4914695568
 20
16.6914357633
 30
107.25
 70
    32
  0
VERTEX
  8
CONTOUR107_25
 10
79.4914747694
 20
16.6914002527
 30
107.25
 70
    32
  0
VERTEX
  8
CONTOUR107_25
 10
79.4914879997
 20
16.6913665114
 30
107.25
 70
    32
  0
VERTEX
  8
CONTOUR107_25
 10
79.4915065627
 20
16.6913231107
 30
107.25
 70
    32
  0
VERTEX
  8
CONTOUR107_25
 10
79.4915118926
 20
16.6913102527
 30
107.25
 70
    32
  0
VERTEX
  8
CONTOUR107_25
 10
79.4915139347
 20
16.6913056884
 30
107.25
 70
    32
  0
VERTEX
  8
CONTOUR107_25
 10
79.4915179919
 20
16.6912998038
 30
107.25
 70
    32
  0
VERTEX
  8
CONTOUR107_25
 10
79.4915485853
 20
16.6912758351
 30
107.25
 70
    32
  0
VERTEX
  8
CONTOUR107_25
 10
79.4915596394
 20
16.6912671062
 30
107.25
 70
    32
  0
VERTEX
  8
CONTOUR107_25
 10
79.4915979919
 20
16.6912381306
 30
107.25
 70
    32
  0
VERTEX
  8
CONTOUR107_25
 10
79.4916073889
 20
16.6912308243
 30
107.25
 70
    32
  0
VERTEX
  8
CONTOUR107_25
 10
79.4916143121
 20
16.6912202527
 30
107.25
 70
    32
  0
VERTEX
  8
CONTOUR107_25
 10
79.4916312164
 20
16.6911828752
 30
107.25
 70
    32
  0
VERTEX
  8
CONTOUR107_25
 10
79.4916351047
 20
16.6911720046
 30
107.25
 70
    32
  0
VERTEX
  8
CONTOUR107_25
 10
79.4916644281
 20
16.6911302527
 30
107.25
 70
    32
  0
VERTEX
  8
CONTOUR107_25
 10
79.4916725019
 20
16.6911240764
 30
107.25
 70
    32
  0
VERTEX
  8
CONTOUR107_25
 10
79.491677992
 20
16.6911205991
 30
107.25
 70
    32
  0
VERTEX
  8
CONTOUR107_25
 10
79.491716792
 20
16.6910839028
 30
107.25
 70
    32
  0
VERTEX
  8
CONTOUR107_25
 10
79.4917387414
 20
16.6910402528
 30
107.25
 70
    32
  0
VERTEX
  8
CONTOUR107_25
 10
79.4917472637
 20
16.6910281834
 30
107.25
 70
    32
  0
VERTEX
  8
CONTOUR107_25
 10
79.491757992
 20
16.6910152935
 30
107.25
 70
    32
  0
VERTEX
  8
CONTOUR107_25
 10
79.4917923999
 20
16.6909889616
 30
107.25
 70
    32
  0
VERTEX
  8
CONTOUR107_25
 10
79.4918234569
 20
16.6909502528
 30
107.25
 70
    32
  0
VERTEX
  8
CONTOUR107_25
 10
79.4918273395
 20
16.6909382688
 30
107.25
 70
    32
  0
VERTEX
  8
CONTOUR107_25
 10
79.491837992
 20
16.6908911024
 30
107.25
 70
    32
  0
VERTEX
  8
CONTOUR107_25
 10
79.4918444667
 20
16.6908675368
 30
107.25
 70
    32
  0
VERTEX
  8
CONTOUR107_25
 10
79.4918474354
 20
16.6908602528
 30
107.25
 70
    32
  0
VERTEX
  8
CONTOUR107_25
 10
79.491849503
 20
16.6908473029
 30
107.25
 70
    32
  0
VERTEX
  8
CONTOUR107_25
 10
79.4918652565
 20
16.6908009253
 30
107.25
 70
    32
  0
VERTEX
  8
CONTOUR107_25
 10
79.4918682145
 20
16.6907702528
 30
107.25
 70
    32
  0
VERTEX
  8
CONTOUR107_25
 10
79.4918597915
 20
16.6907457283
 30
107.25
 70
    32
  0
VERTEX
  8
CONTOUR107_25
 10
79.491837992
 20
16.6907155925
 30
107.25
 70
    32
  0
VERTEX
  8
CONTOUR107_25
 10
79.4918286368
 20
16.6906907774
 30
107.25
 70
    32
  0
VERTEX
  8
CONTOUR107_25
 10
79.4918272363
 20
16.6906802528
 30
107.25
 70
    32
  0
VERTEX
  8
CONTOUR107_25
 10
79.4918270844
 20
16.6906679818
 30
107.25
 70
    32
  0
VERTEX
  8
CONTOUR107_25
 10
79.491837992
 20
16.6906023756
 30
107.25
 70
    32
  0
VERTEX
  8
CONTOUR107_25
 10
79.4918408261
 20
16.6905934412
 30
107.25
 70
    32
  0
VERTEX
  8
CONTOUR107_25
 10
79.4918408799
 20
16.6905902528
 30
107.25
 70
    32
  0
VERTEX
  8
CONTOUR107_25
 10
79.4918407515
 20
16.6905871484
 30
107.25
 70
    32
  0
VERTEX
  8
CONTOUR107_25
 10
79.4918397375
 20
16.6905022166
 30
107.25
 70
    32
  0
VERTEX
  8
CONTOUR107_25
 10
79.4918396613
 20
16.6905002528
 30
107.25
 70
    32
  0
VERTEX
  8
CONTOUR107_25
 10
79.4918393048
 20
16.6904987759
 30
107.25
 70
    32
  0
VERTEX
  8
CONTOUR107_25
 10
79.491837992
 20
16.6904961548
 30
107.25
 70
    32
  0
VERTEX
  8
CONTOUR107_25
 10
79.4918173997
 20
16.6904334192
 30
107.25
 70
    32
  0
VERTEX
  8
CONTOUR107_25
 10
79.4918163276
 20
16.6904102528
 30
107.25
 70
    32
  0
VERTEX
  8
CONTOUR107_25
 10
79.4918172159
 20
16.6903868797
 30
107.25
 70
    32
  0
VERTEX
  8
CONTOUR107_25
 10
79.4918222221
 20
16.690337994
 30
107.25
 70
    32
  0
VERTEX
  8
CONTOUR107_25
 10
79.4918229971
 20
16.6903202529
 30
107.25
 70
    32
  0
VERTEX
  8
CONTOUR107_25
 10
79.4918211224
 20
16.6903012745
 30
107.25
 70
    32
  0
VERTEX
  8
CONTOUR107_25
 10
79.4918319832
 20
16.6902370128
 30
107.25
 70
    32
  0
VERTEX
  8
CONTOUR107_25
 10
79.4918306307
 20
16.6902302529
 30
107.25
 70
    32
  0
VERTEX
  8
CONTOUR107_25
 10
79.4918299322
 20
16.6902211855
 30
107.25
 70
    32
  0
VERTEX
  8
CONTOUR107_25
 10
79.4918111962
 20
16.6901703982
 30
107.25
 70
    32
  0
VERTEX
  8
CONTOUR107_25
 10
79.491810102
 20
16.6901402529
 30
107.25
 70
    32
  0
VERTEX
  8
CONTOUR107_25
 10
79.4918045574
 20
16.690102639
 30
107.25
 70
    32
  0
VERTEX
  8
CONTOUR107_25
 10
79.4918017417
 20
16.6900910345
 30
107.25
 70
    32
  0
VERTEX
  8
CONTOUR107_25
 10
79.4917970985
 20
16.6900502529
 30
107.25
 70
    32
  0
VERTEX
  8
CONTOUR107_25
 10
79.4917836857
 20
16.6900213476
 30
107.25
 70
    32
  0
VERTEX
  8
CONTOUR107_25
 10
79.491757992
 20
16.6899901543
 30
107.25
 70
    32
  0
VERTEX
  8
CONTOUR107_25
 10
79.4917403987
 20
16.6899800454
 30
107.25
 70
    32
  0
VERTEX
  8
CONTOUR107_25
 10
79.4917188756
 20
16.6899602529
 30
107.25
 70
    32
  0
VERTEX
  8
CONTOUR107_25
 10
79.4917022251
 20
16.6899329907
 30
107.25
 70
    32
  0
VERTEX
  8
CONTOUR107_25
 10
79.491677992
 20
16.6898744566
 30
107.25
 70
    32
  0
VERTEX
  8
CONTOUR107_25
 10
79.491676399
 20
16.689872045
 30
107.25
 70
    32
  0
VERTEX
  8
CONTOUR107_25
 10
79.4916745169
 20
16.6898702529
 30
107.25
 70
    32
  0
VERTEX
  8
CONTOUR107_25
 10
79.4916230447
 20
16.6898420685
 30
107.25
 70
    32
  0
VERTEX
  8
CONTOUR107_25
 10
79.4915979919
 20
16.6898102047
 30
107.25
 70
    32
  0
VERTEX
  8
CONTOUR107_25
 10
79.4915753494
 20
16.6898057258
 30
107.25
 70
    32
  0
VERTEX
  8
CONTOUR107_25
 10
79.4915438778
 20
16.6898093746
 30
107.25
 70
    32
  0
VERTEX
  8
CONTOUR107_25
 10
79.4915179919
 20
16.6898062174
 30
107.25
 70
    32
  0
VERTEX
  8
CONTOUR107_25
 10
79.4915048756
 20
16.6897950087
 30
107.25
 70
    32
  0
VERTEX
  8
CONTOUR107_25
 10
79.4914929912
 20
16.6897802529
 30
107.25
 70
    32
  0
VERTEX
  8
CONTOUR107_25
 10
79.4914834202
 20
16.6897413597
 30
107.25
 70
    32
  0
VERTEX
  8
CONTOUR107_25
 10
79.4914827566
 20
16.6897298927
 30
107.25
 70
    32
  0
VERTEX
  8
CONTOUR107_25
 10
79.4914649238
 20
16.689690253
 30
107.25
 70
    32
  0
SEQEND
  8
CONTOUR107_25
  0
POLYLINE
  8
CONTOUR107_375
 66
     1
 70
     8
  0
VERTEX
  8
CONTOUR107_375
 10
79.4914213397
 20
16.6914902527
 30
107.375
 70
    32
  0
VERTEX
  8
CONTOUR107_375
 10
79.4914249244
 20
16.6914755519
 30
107.375
 70
    32
  0
VERTEX
  8
CONTOUR107_375
 10
79.4914379919
 20
16.6914512437
 30
107.375
 70
    32
  0
VERTEX
  8
CONTOUR107_375
 10
79.4914487479
 20
16.6914123533
 30
107.375
 70
    32
  0
VERTEX
  8
CONTOUR107_375
 10
79.4914505242
 20
16.6914002527
 30
107.375
 70
    32
  0
VERTEX
  8
CONTOUR107_375
 10
79.4914604158
 20
16.6913750258
 30
107.375
 70
    32
  0
VERTEX
  8
CONTOUR107_375
 10
79.4914709099
 20
16.6913472856
 30
107.375
 70
    32
  0
VERTEX
  8
CONTOUR107_375
 10
79.4914862611
 20
16.6913102527
 30
107.375
 70
    32
  0
VERTEX
  8
CONTOUR107_375
 10
79.4914968847
 20
16.6912865072
 30
107.375
 70
    32
  0
VERTEX
  8
CONTOUR107_375
 10
79.4915179919
 20
16.6912558937
 30
107.375
 70
    32
  0
VERTEX
  8
CONTOUR107_375
 10
79.4915366672
 20
16.6912412624
 30
107.375
 70
    32
  0
VERTEX
  8
CONTOUR107_375
 10
79.491564725
 20
16.6912202527
 30
107.375
 70
    32
  0
VERTEX
  8
CONTOUR107_375
 10
79.4915795076
 20
16.6911994578
 30
107.375
 70
    32
  0
VERTEX
  8
CONTOUR107_375
 10
79.4915979919
 20
16.6911442881
 30
107.375
 70
    32
  0
VERTEX
  8
CONTOUR107_375
 10
79.4916015717
 20
16.69113428
 30
107.375
 70
    32
  0
VERTEX
  8
CONTOUR107_375
 10
79.4916044002
 20
16.6911302527
 30
107.375
 70
    32
  0
VERTEX
  8
CONTOUR107_375
 10
79.4916482052
 20
16.6910967427
 30
107.375
 70
    32
  0
VERTEX
  8
CONTOUR107_375
 10
79.491677992
 20
16.6910778765
 30
107.375
 70
    32
  0
VERTEX
  8
CONTOUR107_375
 10
79.4916961608
 20
16.6910606927
 30
107.375
 70
    32
  0
VERTEX
  8
CONTOUR107_375
 10
79.491706439
 20
16.6910402528
 30
107.375
 70
    32
  0
VERTEX
  8
CONTOUR107_375
 10
79.4917292617
 20
16.6910079312
 30
107.375
 70
    32
  0
VERTEX
  8
CONTOUR107_375
 10
79.491757992
 20
16.6909734121
 30
107.375
 70
    32
  0
VERTEX
  8
CONTOUR107_375
 10
79.4917702438
 20
16.690964036
 30
107.375
 70
    32
  0
VERTEX
  8
CONTOUR107_375
 10
79.4917813024
 20
16.6909502528
 30
107.375
 70
    32
  0
VERTEX
  8
CONTOUR107_375
 10
79.4917946717
 20
16.6909089881
 30
107.375
 70
    32
  0
VERTEX
  8
CONTOUR107_375
 10
79.4917966223
 20
16.6909037119
 30
107.375
 70
    32
  0
VERTEX
  8
CONTOUR107_375
 10
79.4918085946
 20
16.6908602528
 30
107.375
 70
    32
  0
VERTEX
  8
CONTOUR107_375
 10
79.491818091
 20
16.6908378641
 30
107.375
 70
    32
  0
VERTEX
  8
CONTOUR107_375
 10
79.4918358362
 20
16.690772678
 30
107.375
 70
    32
  0
VERTEX
  8
CONTOUR107_375
 10
79.4918366516
 20
16.6907702528
 30
107.375
 70
    32
  0
VERTEX
  8
CONTOUR107_375
 10
79.4918362199
 20
16.6907682593
 30
107.375
 70
    32
  0
VERTEX
  8
CONTOUR107_375
 10
79.4918134503
 20
16.6907078622
 30
107.375
 70
    32
  0
VERTEX
  8
CONTOUR107_375
 10
79.4918097767
 20
16.6906802528
 30
107.375
 70
    32
  0
VERTEX
  8
CONTOUR107_375
 10
79.4918093781
 20
16.6906480621
 30
107.375
 70
    32
  0
VERTEX
  8
CONTOUR107_375
 10
79.4918146173
 20
16.6906165494
 30
107.375
 70
    32
  0
VERTEX
  8
CONTOUR107_375
 10
79.491814125
 20
16.6905902528
 30
107.375
 70
    32
  0
VERTEX
  8
CONTOUR107_375
 10
79.4918112526
 20
16.690560171
 30
107.375
 70
    32
  0
VERTEX
  8
CONTOUR107_375
 10
79.4918109009
 20
16.6905307302
 30
107.375
 70
    32
  0
VERTEX
  8
CONTOUR107_375
 10
79.4918073059
 20
16.6905002528
 30
107.375
 70
    32
  0
VERTEX
  8
CONTOUR107_375
 10
79.4918040092
 20
16.6904620222
 30
107.375
 70
    32
  0
VERTEX
  8
CONTOUR107_375
 10
79.4918007637
 20
16.6904521347
 30
107.375
 70
    32
  0
VERTEX
  8
CONTOUR107_375
 10
79.4917988255
 20
16.6904102528
 30
107.375
 70
    32
  0
VERTEX
  8
CONTOUR107_375
 10
79.4918004314
 20
16.6903679972
 30
107.375
 70
    32
  0
VERTEX
  8
CONTOUR107_375
 10
79.4918010667
 20
16.6903617938
 30
107.375
 70
    32
  0
VERTEX
  8
CONTOUR107_375
 10
79.4918028813
 20
16.6903202529
 30
107.375
 70
    32
  0
VERTEX
  8
CONTOUR107_375
 10
79.4917984917
 20
16.690275815
 30
107.375
 70
    32
  0
VERTEX
  8
CONTOUR107_375
 10
79.4917987263
 20
16.6902744268
 30
107.375
 70
    32
  0
VERTEX
  8
CONTOUR107_375
 10
79.4917898884
 20
16.6902302529
 30
107.375
 70
    32
  0
VERTEX
  8
CONTOUR107_375
 10
79.4917873445
 20
16.6901972313
 30
107.375
 70
    32
  0
VERTEX
  8
CONTOUR107_375
 10
79.491792309
 20
16.6901788595
 30
107.375
 70
    32
  0
VERTEX
  8
CONTOUR107_375
 10
79.4917909077
 20
16.6901402529
 30
107.375
 70
    32
  0
VERTEX
  8
CONTOUR107_375
 10
79.4917862256
 20
16.6901084901
 30
107.375
 70
    32
  0
VERTEX
  8
CONTOUR107_375
 10
79.49178584
 20
16.690081582
 30
107.375
 70
    32
  0
VERTEX
  8
CONTOUR107_375
 10
79.491782273
 20
16.6900502529
 30
107.375
 70
    32
  0
VERTEX
  8
CONTOUR107_375
 10
79.4917739451
 20
16.6900323057
 30
107.375
 70
    32
  0
VERTEX
  8
CONTOUR107_375
 10
79.491757992
 20
16.6900129379
 30
107.375
 70
    32
  0
VERTEX
  8
CONTOUR107_375
 10
79.4917269932
 20
16.6899951265
 30
107.375
 70
    32
  0
VERTEX
  8
CONTOUR107_375
 10
79.4916890705
 20
16.6899602529
 30
107.375
 70
    32
  0
VERTEX
  8
CONTOUR107_375
 10
79.4916845585
 20
16.6899528655
 30
107.375
 70
    32
  0
VERTEX
  8
CONTOUR107_375
 10
79.491677992
 20
16.6899370042
 30
107.375
 70
    32
  0
VERTEX
  8
CONTOUR107_375
 10
79.4916526971
 20
16.6898987096
 30
107.375
 70
    32
  0
VERTEX
  8
CONTOUR107_375
 10
79.4916228102
 20
16.6898702529
 30
107.375
 70
    32
  0
VERTEX
  8
CONTOUR107_375
 10
79.4916061169
 20
16.6898611123
 30
107.375
 70
    32
  0
VERTEX
  8
CONTOUR107_375
 10
79.4915979919
 20
16.6898507784
 30
107.375
 70
    32
  0
VERTEX
  8
CONTOUR107_375
 10
79.491576988
 20
16.6898466235
 30
107.375
 70
    32
  0
VERTEX
  8
CONTOUR107_375
 10
79.4915492831
 20
16.6898350503
 30
107.375
 70
    32
  0
VERTEX
  8
CONTOUR107_375
 10
79.4915179919
 20
16.6898312338
 30
107.375
 70
    32
  0
VERTEX
  8
CONTOUR107_375
 10
79.4914922382
 20
16.6898092258
 30
107.375
 70
    32
  0
VERTEX
  8
CONTOUR107_375
 10
79.4914689033
 20
16.6897802529
 30
107.375
 70
    32
  0
VERTEX
  8
CONTOUR107_375
 10
79.4914622011
 20
16.6897530176
 30
107.375
 70
    32
  0
VERTEX
  8
CONTOUR107_375
 10
79.4914379919
 20
16.6897111637
 30
107.375
 70
    32
  0
SEQEND
  8
CONTOUR107_375
  0
POLYLINE
  8
CONTOUR107_5
 66
     1
 70
     8
  0
VERTEX
  8
CONTOUR107_5
 10
79.4913792288
 20
16.6914902527
 30
107.5
 70
    32
  0
VERTEX
  8
CONTOUR107_5
 10
79.4913872569
 20
16.6914573295
 30
107.5
 70
    32
  0
VERTEX
  8
CONTOUR107_5
 10
79.4913889598
 20
16.6914350917
 30
107.5
 70
    32
  0
VERTEX
  8
CONTOUR107_5
 10
79.4914034034
 20
16.6914002527
 30
107.5
 70
    32
  0
VERTEX
  8
CONTOUR107_5
 10
79.4914225652
 20
16.6913828978
 30
107.5
 70
    32
  0
VERTEX
  8
CONTOUR107_5
 10
79.4914379919
 20
16.6913684301
 30
107.5
 70
    32
  0
VERTEX
  8
CONTOUR107_5
 10
79.4914534301
 20
16.6913276207
 30
107.5
 70
    32
  0
VERTEX
  8
CONTOUR107_5
 10
79.4914606296
 20
16.6913102527
 30
107.5
 70
    32
  0
VERTEX
  8
CONTOUR107_5
 10
79.4914798347
 20
16.691267326
 30
107.5
 70
    32
  0
VERTEX
  8
CONTOUR107_5
 10
79.4914925781
 20
16.6912488433
 30
107.5
 70
    32
  0
VERTEX
  8
CONTOUR107_5
 10
79.4915110292
 20
16.6912202527
 30
107.5
 70
    32
  0
VERTEX
  8
CONTOUR107_5
 10
79.4915142092
 20
16.6912159972
 30
107.5
 70
    32
  0
VERTEX
  8
CONTOUR107_5
 10
79.4915179919
 20
16.6912092317
 30
107.5
 70
    32
  0
VERTEX
  8
CONTOUR107_5
 10
79.4915501814
 20
16.691166466
 30
107.5
 70
    32
  0
VERTEX
  8
CONTOUR107_5
 10
79.49156613
 20
16.6911302527
 30
107.5
 70
    32
  0
VERTEX
  8
CONTOUR107_5
 10
79.4915797207
 20
16.6911096977
 30
107.5
 70
    32
  0
VERTEX
  8
CONTOUR107_5
 10
79.4915979919
 20
16.6910859163
 30
107.5
 70
    32
  0
VERTEX
  8
CONTOUR107_5
 10
79.4916225309
 20
16.6910678591
 30
107.5
 70
    32
  0
VERTEX
  8
CONTOUR107_5
 10
79.4916688053
 20
16.6910402528
 30
107.5
 70
    32
  0
VERTEX
  8
CONTOUR107_5
 10
79.4916750132
 20
16.6910369017
 30
107.5
 70
    32
  0
VERTEX
  8
CONTOUR107_5
 10
79.491677992
 20
16.6910342377
 30
107.5
 70
    32
  0
VERTEX
  8
CONTOUR107_5
 10
79.4917106606
 20
16.690987005
 30
107.5
 70
    32
  0
VERTEX
  8
CONTOUR107_5
 10
79.4917410709
 20
16.6909502528
 30
107.5
 70
    32
  0
VERTEX
  8
CONTOUR107_5
 10
79.4917459292
 20
16.6909366821
 30
107.5
 70
    32
  0
VERTEX
  8
CONTOUR107_5
 10
79.491757992
 20
16.6909034058
 30
107.5
 70
    32
  0
VERTEX
  8
CONTOUR107_5
 10
79.4917692594
 20
16.6908729286
 30
107.5
 70
    32
  0
VERTEX
  8
CONTOUR107_5
 10
79.4917727514
 20
16.6908602528
 30
107.5
 70
    32
  0
VERTEX
  8
CONTOUR107_5
 10
79.4917862225
 20
16.6908284935
 30
107.5
 70
    32
  0
VERTEX
  8
CONTOUR107_5
 10
79.4917944534
 20
16.6908112718
 30
107.5
 70
    32
  0
VERTEX
  8
CONTOUR107_5
 10
79.4918082431
 20
16.6907702528
 30
107.5
 70
    32
  0
VERTEX
  8
CONTOUR107_5
 10
79.4917986645
 20
16.6907260093
 30
107.5
 70
    32
  0
VERTEX
  8
CONTOUR107_5
 10
79.4917982639
 20
16.6907249469
 30
107.5
 70
    32
  0
VERTEX
  8
CONTOUR107_5
 10
79.4917923169
 20
16.6906802528
 30
107.5
 70
    32
  0
VERTEX
  8
CONTOUR107_5
 10
79.4917918453
 20
16.6906421678
 30
107.5
 70
    32
  0
VERTEX
  8
CONTOUR107_5
 10
79.4917883663
 20
16.6906244239
 30
107.5
 70
    32
  0
VERTEX
  8
CONTOUR107_5
 10
79.4917877264
 20
16.6905902528
 30
107.5
 70
    32
  0
VERTEX
  8
CONTOUR107_5
 10
79.4917848422
 20
16.6905600464
 30
107.5
 70
    32
  0
VERTEX
  8
CONTOUR107_5
 10
79.4917772495
 20
16.6905219176
 30
107.5
 70
    32
  0
VERTEX
  8
CONTOUR107_5
 10
79.491774694
 20
16.6905002528
 30
107.5
 70
    32
  0
VERTEX
  8
CONTOUR107_5
 10
79.491773217
 20
16.6904831246
 30
107.5
 70
    32
  0
VERTEX
  8
CONTOUR107_5
 10
79.4917826049
 20
16.6904379423
 30
107.5
 70
    32
  0
VERTEX
  8
CONTOUR107_5
 10
79.4917813234
 20
16.6904102528
 30
107.5
 70
    32
  0
VERTEX
  8
CONTOUR107_5
 10
79.4917823656
 20
16.6903828326
 30
107.5
 70
    32
  0
VERTEX
  8
CONTOUR107_5
 10
79.4917816051
 20
16.6903468177
 30
107.5
 70
    32
  0
VERTEX
  8
CONTOUR107_5
 10
79.4917827655
 20
16.6903202529
 30
107.5
 70
    32
  0
VERTEX
  8
CONTOUR107_5
 10
79.4917802878
 20
16.69029517
 30
107.5
 70
    32
  0
VERTEX
  8
CONTOUR107_5
 10
79.491757992
 20
16.6902437416
 30
107.5
 70
    32
  0
VERTEX
  8
CONTOUR107_5
 10
79.4917540883
 20
16.6902346445
 30
107.5
 70
    32
  0
VERTEX
  8
CONTOUR107_5
 10
79.4917525795
 20
16.6902302529
 30
107.5
 70
    32
  0
VERTEX
  8
CONTOUR107_5
 10
79.4917532335
 20
16.6902248995
 30
107.5
 70
    32
  0
VERTEX
  8
CONTOUR107_5
 10
79.491757992
 20
16.6902092861
 30
107.5
 70
    32
  0
VERTEX
  8
CONTOUR107_5
 10
79.4917722974
 20
16.6901563465
 30
107.5
 70
    32
  0
VERTEX
  8
CONTOUR107_5
 10
79.4917717133
 20
16.6901402529
 30
107.5
 70
    32
  0
VERTEX
  8
CONTOUR107_5
 10
79.4917697615
 20
16.6901270123
 30
107.5
 70
    32
  0
VERTEX
  8
CONTOUR107_5
 10
79.4917688366
 20
16.6900624531
 30
107.5
 70
    32
  0
VERTEX
  8
CONTOUR107_5
 10
79.4917674475
 20
16.6900502529
 30
107.5
 70
    32
  0
VERTEX
  8
CONTOUR107_5
 10
79.4917642044
 20
16.6900432639
 30
107.5
 70
    32
  0
VERTEX
  8
CONTOUR107_5
 10
79.491757992
 20
16.6900357217
 30
107.5
 70
    32
  0
VERTEX
  8
CONTOUR107_5
 10
79.4917315915
 20
16.6900205523
 30
107.5
 70
    32
  0
VERTEX
  8
CONTOUR107_5
 10
79.4917123209
 20
16.6900116329
 30
107.5
 70
    32
  0
VERTEX
  8
CONTOUR107_5
 10
79.491677992
 20
16.6899818602
 30
107.5
 70
    32
  0
VERTEX
  8
CONTOUR107_5
 10
79.4916666693
 20
16.6899729908
 30
107.5
 70
    32
  0
VERTEX
  8
CONTOUR107_5
 10
79.4916563777
 20
16.6899602529
 30
107.5
 70
    32
  0
VERTEX
  8
CONTOUR107_5
 10
79.4916306811
 20
16.6899234777
 30
107.5
 70
    32
  0
VERTEX
  8
CONTOUR107_5
 10
79.4915979919
 20
16.6898913611
 30
107.5
 70
    32
  0
VERTEX
  8
CONTOUR107_5
 10
79.49158788
 20
16.6898816289
 30
107.5
 70
    32
  0
VERTEX
  8
CONTOUR107_5
 10
79.4915594633
 20
16.6898702529
 30
107.5
 70
    32
  0
VERTEX
  8
CONTOUR107_5
 10
79.4915292213
 20
16.6898576199
 30
107.5
 70
    32
  0
VERTEX
  8
CONTOUR107_5
 10
79.4915179919
 20
16.6898562503
 30
107.5
 70
    32
  0
VERTEX
  8
CONTOUR107_5
 10
79.4914796008
 20
16.6898234429
 30
107.5
 70
    32
  0
VERTEX
  8
CONTOUR107_5
 10
79.4914448154
 20
16.6897802529
 30
107.5
 70
    32
  0
VERTEX
  8
CONTOUR107_5
 10
79.4914433359
 20
16.6897742409
 30
107.5
 70
    32
  0
VERTEX
  8
CONTOUR107_5
 10
79.4914379919
 20
16.6897650019
 30
107.5
 70
    32
  0
SEQEND
  8
CONTOUR107_5
  0
POLYLINE
  8
CONTOUR107_625
 66
     1
 70
     8
  0
VERTEX
  8
CONTOUR107_625
 10
79.4913404685
 20
16.6914902527
 30
107.625
 70
    32
  0
VERTEX
  8
CONTOUR107_625
 10
79.4913419112
 20
16.691472162
 30
107.625
 70
    32
  0
VERTEX
  8
CONTOUR107_625
 10
79.4913447295
 20
16.691415173
 30
107.625
 70
    32
  0
VERTEX
  8
CONTOUR107_625
 10
79.4913458472
 20
16.6914002527
 30
107.625
 70
    32
  0
VERTEX
  8
CONTOUR107_625
 10
79.4913499908
 20
16.6913912516
 30
107.625
 70
    32
  0
VERTEX
  8
CONTOUR107_625
 10
79.4913579919
 20
16.691376901
 30
107.625
 70
    32
  0
VERTEX
  8
CONTOUR107_625
 10
79.4913907578
 20
16.6913471145
 30
107.625
 70
    32
  0
VERTEX
  8
CONTOUR107_625
 10
79.4914299409
 20
16.6913102527
 30
107.625
 70
    32
  0
VERTEX
  8
CONTOUR107_625
 10
79.4914338451
 20
16.6913055876
 30
107.625
 70
    32
  0
VERTEX
  8
CONTOUR107_625
 10
79.4914379919
 20
16.6913006283
 30
107.625
 70
    32
  0
VERTEX
  8
CONTOUR107_625
 10
79.4914588864
 20
16.6912437591
 30
107.625
 70
    32
  0
VERTEX
  8
CONTOUR107_625
 10
79.4914740564
 20
16.6912202527
 30
107.625
 70
    32
  0
VERTEX
  8
CONTOUR107_625
 10
79.4914941227
 20
16.6911933999
 30
107.625
 70
    32
  0
VERTEX
  8
CONTOUR107_625
 10
79.4915179919
 20
16.691150709
 30
107.625
 70
    32
  0
VERTEX
  8
CONTOUR107_625
 10
79.4915263293
 20
16.6911396323
 30
107.625
 70
    32
  0
VERTEX
  8
CONTOUR107_625
 10
79.4915304601
 20
16.6911302527
 30
107.625
 70
    32
  0
VERTEX
  8
CONTOUR107_625
 10
79.4915592659
 20
16.691086686
 30
107.625
 70
    32
  0
VERTEX
  8
CONTOUR107_625
 10
79.4915754994
 20
16.6910655569
 30
107.625
 70
    32
  0
VERTEX
  8
CONTOUR107_625
 10
79.491594714
 20
16.6910402528
 30
107.625
 70
    32
  0
VERTEX
  8
CONTOUR107_625
 10
79.4915965017
 20
16.6910385763
 30
107.625
 70
    32
  0
VERTEX
  8
CONTOUR107_625
 10
79.4915979919
 20
16.6910374247
 30
107.625
 70
    32
  0
VERTEX
  8
CONTOUR107_625
 10
79.4916036731
 20
16.6910338614
 30
107.625
 70
    32
  0
VERTEX
  8
CONTOUR107_625
 10
79.4916500557
 20
16.6910088244
 30
107.625
 70
    32
  0
VERTEX
  8
CONTOUR107_625
 10
79.491677992
 20
16.6909838396
 30
107.625
 70
    32
  0
VERTEX
  8
CONTOUR107_625
 10
79.4916910567
 20
16.6909649505
 30
107.625
 70
    32
  0
VERTEX
  8
CONTOUR107_625
 10
79.4917032182
 20
16.6909502528
 30
107.625
 70
    32
  0
VERTEX
  8
CONTOUR107_625
 10
79.4917189447
 20
16.6909063245
 30
107.625
 70
    32
  0
VERTEX
  8
CONTOUR107_625
 10
79.4917202568
 20
16.6909027048
 30
107.625
 70
    32
  0
VERTEX
  8
CONTOUR107_625
 10
79.4917355649
 20
16.6908602528
 30
107.625
 70
    32
  0
VERTEX
  8
CONTOUR107_625
 10
79.4917439544
 20
16.6908444605
 30
107.625
 70
    32
  0
VERTEX
  8
CONTOUR107_625
 10
79.491757992
 20
16.6908212432
 30
107.625
 70
    32
  0
VERTEX
  8
CONTOUR107_625
 10
79.4917738407
 20
16.6907880826
 30
107.625
 70
    32
  0
VERTEX
  8
CONTOUR107_625
 10
79.4917798346
 20
16.6907702528
 30
107.625
 70
    32
  0
VERTEX
  8
CONTOUR107_625
 10
79.4917755566
 20
16.6907504926
 30
107.625
 70
    32
  0
VERTEX
  8
CONTOUR107_625
 10
79.4917778263
 20
16.6907025664
 30
107.625
 70
    32
  0
VERTEX
  8
CONTOUR107_625
 10
79.4917748573
 20
16.6906802528
 30
107.625
 70
    32
  0
VERTEX
  8
CONTOUR107_625
 10
79.4917746255
 20
16.6906615401
 30
107.625
 70
    32
  0
VERTEX
  8
CONTOUR107_625
 10
79.4917613998
 20
16.6905940865
 30
107.625
 70
    32
  0
VERTEX
  8
CONTOUR107_625
 10
79.4917613279
 20
16.6905902528
 30
107.625
 70
    32
  0
VERTEX
  8
CONTOUR107_625
 10
79.4917610044
 20
16.6905868639
 30
107.625
 70
    32
  0
VERTEX
  8
CONTOUR107_625
 10
79.491757992
 20
16.6905717363
 30
107.625
 70
    32
  0
VERTEX
  8
CONTOUR107_625
 10
79.4917446707
 20
16.6905152393
 30
107.625
 70
    32
  0
VERTEX
  8
CONTOUR107_625
 10
79.4917423851
 20
16.6905002528
 30
107.625
 70
    32
  0
VERTEX
  8
CONTOUR107_625
 10
79.4917458375
 20
16.690486579
 30
107.625
 70
    32
  0
VERTEX
  8
CONTOUR107_625
 10
79.491757992
 20
16.6904467681
 30
107.625
 70
    32
  0
VERTEX
  8
CONTOUR107_625
 10
79.4917641416
 20
16.6904171711
 30
107.625
 70
    32
  0
VERTEX
  8
CONTOUR107_625
 10
79.4917638214
 20
16.6904102528
 30
107.625
 70
    32
  0
VERTEX
  8
CONTOUR107_625
 10
79.4917640817
 20
16.6904034018
 30
107.625
 70
    32
  0
VERTEX
  8
CONTOUR107_625
 10
79.4917624316
 20
16.6903252474
 30
107.625
 70
    32
  0
VERTEX
  8
CONTOUR107_625
 10
79.4917626498
 20
16.6903202529
 30
107.625
 70
    32
  0
VERTEX
  8
CONTOUR107_625
 10
79.4917621839
 20
16.690315537
 30
107.625
 70
    32
  0
VERTEX
  8
CONTOUR107_625
 10
79.491757992
 20
16.6903058676
 30
107.625
 70
    32
  0
VERTEX
  8
CONTOUR107_625
 10
79.4917361086
 20
16.6902548716
 30
107.625
 70
    32
  0
VERTEX
  8
CONTOUR107_625
 10
79.4917276505
 20
16.6902302529
 30
107.625
 70
    32
  0
VERTEX
  8
CONTOUR107_625
 10
79.4917313166
 20
16.690200243
 30
107.625
 70
    32
  0
VERTEX
  8
CONTOUR107_625
 10
79.4917452212
 20
16.69015462
 30
107.625
 70
    32
  0
VERTEX
  8
CONTOUR107_625
 10
79.49174775
 20
16.6901402529
 30
107.625
 70
    32
  0
VERTEX
  8
CONTOUR107_625
 10
79.4917446678
 20
16.6901252631
 30
107.625
 70
    32
  0
VERTEX
  8
CONTOUR107_625
 10
79.4917424645
 20
16.6900677214
 30
107.625
 70
    32
  0
VERTEX
  8
CONTOUR107_625
 10
79.4917365429
 20
16.6900502529
 30
107.625
 70
    32
  0
VERTEX
  8
CONTOUR107_625
 10
79.4916950593
 20
16.6900310522
 30
107.625
 70
    32
  0
VERTEX
  8
CONTOUR107_625
 10
79.491677992
 20
16.6900162501
 30
107.625
 70
    32
  0
VERTEX
  8
CONTOUR107_625
 10
79.4916486483
 20
16.6899932645
 30
107.625
 70
    32
  0
VERTEX
  8
CONTOUR107_625
 10
79.4916219768
 20
16.6899602529
 30
107.625
 70
    32
  0
VERTEX
  8
CONTOUR107_625
 10
79.4916114206
 20
16.6899451456
 30
107.625
 70
    32
  0
VERTEX
  8
CONTOUR107_625
 10
79.4915979919
 20
16.6899319521
 30
107.625
 70
    32
  0
VERTEX
  8
CONTOUR107_625
 10
79.4915684346
 20
16.689903505
 30
107.625
 70
    32
  0
VERTEX
  8
CONTOUR107_625
 10
79.4915360117
 20
16.6898905251
 30
107.625
 70
    32
  0
VERTEX
  8
CONTOUR107_625
 10
79.4915179919
 20
16.689880541
 30
107.625
 70
    32
  0
VERTEX
  8
CONTOUR107_625
 10
79.4915107908
 20
16.6898783541
 30
107.625
 70
    32
  0
VERTEX
  8
CONTOUR107_625
 10
79.4915015673
 20
16.6898702529
 30
107.625
 70
    32
  0
VERTEX
  8
CONTOUR107_625
 10
79.4914644452
 20
16.6898404929
 30
107.625
 70
    32
  0
VERTEX
  8
CONTOUR107_625
 10
79.4914379919
 20
16.6898068984
 30
107.625
 70
    32
  0
VERTEX
  8
CONTOUR107_625
 10
79.491422512
 20
16.6897976677
 30
107.625
 70
    32
  0
VERTEX
  8
CONTOUR107_625
 10
79.4914053664
 20
16.6897802529
 30
107.625
 70
    32
  0
SEQEND
  8
CONTOUR107_625
  0
POLYLINE
  8
CONTOUR107_75
 66
     1
 70
     8
  0
VERTEX
  8
CONTOUR107_75
 10
79.4913051169
 20
16.6914902527
 30
107.75
 70
    32
  0
VERTEX
  8
CONTOUR107_75
 10
79.4913077905
 20
16.6914567293
 30
107.75
 70
    32
  0
VERTEX
  8
CONTOUR107_75
 10
79.491309947
 20
16.6914362023
 30
107.75
 70
    32
  0
VERTEX
  8
CONTOUR107_75
 10
79.4913126402
 20
16.6914002527
 30
107.75
 70
    32
  0
VERTEX
  8
CONTOUR107_75
 10
79.4913281137
 20
16.6913666398
 30
107.75
 70
    32
  0
VERTEX
  8
CONTOUR107_75
 10
79.4913579919
 20
16.6913130509
 30
107.75
 70
    32
  0
VERTEX
  8
CONTOUR107_75
 10
79.4913593675
 20
16.6913118003
 30
107.75
 70
    32
  0
VERTEX
  8
CONTOUR107_75
 10
79.4913610125
 20
16.6913102527
 30
107.75
 70
    32
  0
VERTEX
  8
CONTOUR107_75
 10
79.4913983421
 20
16.6912656468
 30
107.75
 70
    32
  0
VERTEX
  8
CONTOUR107_75
 10
79.4914094521
 20
16.69125236
 30
107.75
 70
    32
  0
VERTEX
  8
CONTOUR107_75
 10
79.4914362999
 20
16.6912202527
 30
107.75
 70
    32
  0
VERTEX
  8
CONTOUR107_75
 10
79.4914373395
 20
16.6912195188
 30
107.75
 70
    32
  0
VERTEX
  8
CONTOUR107_75
 10
79.4914379919
 20
16.6912192
 30
107.75
 70
    32
  0
VERTEX
  8
CONTOUR107_75
 10
79.4914745256
 20
16.6911713531
 30
107.75
 70
    32
  0
VERTEX
  8
CONTOUR107_75
 10
79.4914989034
 20
16.6911302527
 30
107.75
 70
    32
  0
VERTEX
  8
CONTOUR107_75
 10
79.4915042206
 20
16.69111476
 30
107.75
 70
    32
  0
VERTEX
  8
CONTOUR107_75
 10
79.4915179919
 20
16.6910918224
 30
107.75
 70
    32
  0
VERTEX
  8
CONTOUR107_75
 10
79.4915372753
 20
16.6910619466
 30
107.75
 70
    32
  0
VERTEX
  8
CONTOUR107_75
 10
79.4915537485
 20
16.6910402528
 30
107.75
 70
    32
  0
VERTEX
  8
CONTOUR107_75
 10
79.4915778781
 20
16.6910176247
 30
107.75
 70
    32
  0
VERTEX
  8
CONTOUR107_75
 10
79.4915979919
 20
16.6910020811
 30
107.75
 70
    32
  0
VERTEX
  8
CONTOUR107_75
 10
79.491627571
 20
16.6909835292
 30
107.75
 70
    32
  0
VERTEX
  8
CONTOUR107_75
 10
79.4916631665
 20
16.6909502528
 30
107.75
 70
    32
  0
VERTEX
  8
CONTOUR107_75
 10
79.4916683123
 20
16.6909393631
 30
107.75
 70
    32
  0
VERTEX
  8
CONTOUR107_75
 10
79.491677992
 20
16.6909146662
 30
107.75
 70
    32
  0
VERTEX
  8
CONTOUR107_75
 10
79.4916918261
 20
16.6908758161
 30
107.75
 70
    32
  0
VERTEX
  8
CONTOUR107_75
 10
79.4916974382
 20
16.6908602528
 30
107.75
 70
    32
  0
VERTEX
  8
CONTOUR107_75
 10
79.49172009
 20
16.690817613
 30
107.75
 70
    32
  0
VERTEX
  8
CONTOUR107_75
 10
79.4917290144
 20
16.6908028525
 30
107.75
 70
    32
  0
VERTEX
  8
CONTOUR107_75
 10
79.4917482199
 20
16.6907702528
 30
107.75
 70
    32
  0
VERTEX
  8
CONTOUR107_75
 10
79.4917485896
 20
16.6907596751
 30
107.75
 70
    32
  0
VERTEX
  8
CONTOUR107_75
 10
79.4917562597
 20
16.6906822016
 30
107.75
 70
    32
  0
VERTEX
  8
CONTOUR107_75
 10
79.491756338
 20
16.6906802528
 30
107.75
 70
    32
  0
VERTEX
  8
CONTOUR107_75
 10
79.4917553955
 20
16.6906773317
 30
107.75
 70
    32
  0
VERTEX
  8
CONTOUR107_75
 10
79.4917323736
 20
16.6906190734
 30
107.75
 70
    32
  0
VERTEX
  8
CONTOUR107_75
 10
79.4917251855
 20
16.6905902528
 30
107.75
 70
    32
  0
VERTEX
  8
CONTOUR107_75
 10
79.491717274
 20
16.6905460605
 30
107.75
 70
    32
  0
VERTEX
  8
CONTOUR107_75
 10
79.491717105
 20
16.690544255
 30
107.75
 70
    32
  0
VERTEX
  8
CONTOUR107_75
 10
79.4917103941
 20
16.6905002528
 30
107.75
 70
    32
  0
VERTEX
  8
CONTOUR107_75
 10
79.4917209234
 20
16.6904585507
 30
107.75
 70
    32
  0
VERTEX
  8
CONTOUR107_75
 10
79.4917239906
 20
16.6904485045
 30
107.75
 70
    32
  0
VERTEX
  8
CONTOUR107_75
 10
79.4917345859
 20
16.6904102528
 30
107.75
 70
    32
  0
VERTEX
  8
CONTOUR107_75
 10
79.4917360758
 20
16.6903855971
 30
107.75
 70
    32
  0
VERTEX
  8
CONTOUR107_75
 10
79.4917346837
 20
16.6903464747
 30
107.75
 70
    32
  0
VERTEX
  8
CONTOUR107_75
 10
79.4917359772
 20
16.6903202529
 30
107.75
 70
    32
  0
VERTEX
  8
CONTOUR107_75
 10
79.4917183846
 20
16.6902756945
 30
107.75
 70
    32
  0
VERTEX
  8
CONTOUR107_75
 10
79.4917181289
 20
16.6902750987
 30
107.75
 70
    32
  0
VERTEX
  8
CONTOUR107_75
 10
79.4917027216
 20
16.6902302529
 30
107.75
 70
    32
  0
VERTEX
  8
CONTOUR107_75
 10
79.4917066617
 20
16.6901979994
 30
107.75
 70
    32
  0
VERTEX
  8
CONTOUR107_75
 10
79.4917062378
 20
16.6901720295
 30
107.75
 70
    32
  0
VERTEX
  8
CONTOUR107_75
 10
79.491711831
 20
16.6901402529
 30
107.75
 70
    32
  0
VERTEX
  8
CONTOUR107_75
 10
79.4917054738
 20
16.6901093359
 30
107.75
 70
    32
  0
VERTEX
  8
CONTOUR107_75
 10
79.491677992
 20
16.6900513153
 30
107.75
 70
    32
  0
VERTEX
  8
CONTOUR107_75
 10
79.4916775619
 20
16.6900507367
 30
107.75
 70
    32
  0
VERTEX
  8
CONTOUR107_75
 10
79.4916773094
 20
16.6900502529
 30
107.75
 70
    32
  0
VERTEX
  8
CONTOUR107_75
 10
79.4916284677
 20
16.6900159677
 30
107.75
 70
    32
  0
VERTEX
  8
CONTOUR107_75
 10
79.4915979919
 20
16.689977174
 30
107.75
 70
    32
  0
VERTEX
  8
CONTOUR107_75
 10
79.4915920259
 20
16.6899669647
 30
107.75
 70
    32
  0
VERTEX
  8
CONTOUR107_75
 10
79.4915890667
 20
16.6899602529
 30
107.75
 70
    32
  0
VERTEX
  8
CONTOUR107_75
 10
79.4915515486
 20
16.6899225016
 30
107.75
 70
    32
  0
VERTEX
  8
CONTOUR107_75
 10
79.4915179919
 20
16.6899039089
 30
107.75
 70
    32
  0
VERTEX
  8
CONTOUR107_75
 10
79.4914944345
 20
16.689896755
 30
107.75
 70
    32
  0
VERTEX
  8
CONTOUR107_75
 10
79.4914642609
 20
16.6898702529
 30
107.75
 70
    32
  0
VERTEX
  8
CONTOUR107_75
 10
79.4914489223
 20
16.6898579562
 30
107.75
 70
    32
  0
VERTEX
  8
CONTOUR107_75
 10
79.4914379919
 20
16.6898440752
 30
107.75
 70
    32
  0
VERTEX
  8
CONTOUR107_75
 10
79.4914009139
 20
16.6898219656
 30
107.75
 70
    32
  0
VERTEX
  8
CONTOUR107_75
 10
79.4913598462
 20
16.6897802529
 30
107.75
 70
    32
  0
SEQEND
  8
CONTOUR107_75
  0
POLYLINE
  8
CONTOUR107_875
 66
     1
 70
     8
  0
VERTEX
  8
CONTOUR107_875
 10
79.4912646261
 20
16.6914902527
 30
107.875
 70
    32
  0
VERTEX
  8
CONTOUR107_875
 10
79.4912685787
 20
16.6914796629
 30
107.875
 70
    32
  0
VERTEX
  8
CONTOUR107_875
 10
79.4912779919
 20
16.6914144006
 30
107.875
 70
    32
  0
VERTEX
  8
CONTOUR107_875
 10
79.4912793212
 20
16.6914017482
 30
107.875
 70
    32
  0
VERTEX
  8
CONTOUR107_875
 10
79.4912794332
 20
16.6914002527
 30
107.875
 70
    32
  0
VERTEX
  8
CONTOUR107_875
 10
79.4912809815
 20
16.6913968895
 30
107.875
 70
    32
  0
VERTEX
  8
CONTOUR107_875
 10
79.4913050947
 20
16.6913407435
 30
107.875
 70
    32
  0
VERTEX
  8
CONTOUR107_875
 10
79.4913213103
 20
16.6913102527
 30
107.875
 70
    32
  0
VERTEX
  8
CONTOUR107_875
 10
79.4913368267
 20
16.6912864419
 30
107.875
 70
    32
  0
VERTEX
  8
CONTOUR107_875
 10
79.4913579919
 20
16.6912315321
 30
107.875
 70
    32
  0
VERTEX
  8
CONTOUR107_875
 10
79.4913628539
 20
16.6912257225
 30
107.875
 70
    32
  0
VERTEX
  8
CONTOUR107_875
 10
79.4913674277
 20
16.6912202527
 30
107.875
 70
    32
  0
VERTEX
  8
CONTOUR107_875
 10
79.4914107837
 20
16.6911896436
 30
107.875
 70
    32
  0
VERTEX
  8
CONTOUR107_875
 10
79.4914379919
 20
16.6911763465
 30
107.875
 70
    32
  0
VERTEX
  8
CONTOUR107_875
 10
79.4914569242
 20
16.6911515515
 30
107.875
 70
    32
  0
VERTEX
  8
CONTOUR107_875
 10
79.4914695571
 20
16.6911302527
 30
107.875
 70
    32
  0
VERTEX
  8
CONTOUR107_875
 10
79.4914830489
 20
16.6910909418
 30
107.875
 70
    32
  0
VERTEX
  8
CONTOUR107_875
 10
79.4915040955
 20
16.6910558862
 30
107.875
 70
    32
  0
VERTEX
  8
CONTOUR107_875
 10
79.4915122917
 20
16.6910402528
 30
107.875
 70
    32
  0
VERTEX
  8
CONTOUR107_875
 10
79.4915151013
 20
16.6910370008
 30
107.875
 70
    32
  0
VERTEX
  8
CONTOUR107_875
 10
79.4915179919
 20
16.6910349028
 30
107.875
 70
    32
  0
VERTEX
  8
CONTOUR107_875
 10
79.4915440817
 20
16.6910109017
 30
107.875
 70
    32
  0
VERTEX
  8
CONTOUR107_875
 10
79.4915592545
 20
16.6909966732
 30
107.875
 70
    32
  0
VERTEX
  8
CONTOUR107_875
 10
79.4915979919
 20
16.6909667376
 30
107.875
 70
    32
  0
VERTEX
  8
CONTOUR107_875
 10
79.4916074
 20
16.6909608368
 30
107.875
 70
    32
  0
VERTEX
  8
CONTOUR107_875
 10
79.4916187217
 20
16.6909502528
 30
107.875
 70
    32
  0
VERTEX
  8
CONTOUR107_875
 10
79.4916392936
 20
16.6909067172
 30
107.875
 70
    32
  0
VERTEX
  8
CONTOUR107_875
 10
79.4916413469
 20
16.6909014785
 30
107.875
 70
    32
  0
VERTEX
  8
CONTOUR107_875
 10
79.4916586499
 20
16.6908602528
 30
107.875
 70
    32
  0
VERTEX
  8
CONTOUR107_875
 10
79.4916651789
 20
16.6908458381
 30
107.875
 70
    32
  0
VERTEX
  8
CONTOUR107_875
 10
79.491677992
 20
16.6908219388
 30
107.875
 70
    32
  0
VERTEX
  8
CONTOUR107_875
 10
79.4916947991
 20
16.6907891609
 30
107.875
 70
    32
  0
VERTEX
  8
CONTOUR107_875
 10
79.4917059384
 20
16.6907702528
 30
107.875
 70
    32
  0
VERTEX
  8
CONTOUR107_875
 10
79.4917070823
 20
16.6907375262
 30
107.875
 70
    32
  0
VERTEX
  8
CONTOUR107_875
 10
79.4917064702
 20
16.6907122908
 30
107.875
 70
    32
  0
VERTEX
  8
CONTOUR107_875
 10
79.4917077567
 20
16.6906802528
 30
107.875
 70
    32
  0
VERTEX
  8
CONTOUR107_875
 10
79.4916998297
 20
16.6906556853
 30
107.875
 70
    32
  0
VERTEX
  8
CONTOUR107_875
 10
79.491691394
 20
16.6906053302
 30
107.875
 70
    32
  0
VERTEX
  8
CONTOUR107_875
 10
79.4916876337
 20
16.6905902528
 30
107.875
 70
    32
  0
VERTEX
  8
CONTOUR107_875
 10
79.4916860173
 20
16.6905812243
 30
107.875
 70
    32
  0
VERTEX
  8
CONTOUR107_875
 10
79.4916784884
 20
16.6905008113
 30
107.875
 70
    32
  0
VERTEX
  8
CONTOUR107_875
 10
79.4916784032
 20
16.6905002528
 30
107.875
 70
    32
  0
VERTEX
  8
CONTOUR107_875
 10
79.4916785664
 20
16.6904996066
 30
107.875
 70
    32
  0
VERTEX
  8
CONTOUR107_875
 10
79.4916943829
 20
16.6904286927
 30
107.875
 70
    32
  0
VERTEX
  8
CONTOUR107_875
 10
79.4916994906
 20
16.6904102528
 30
107.875
 70
    32
  0
VERTEX
  8
CONTOUR107_875
 10
79.4917010587
 20
16.6903843027
 30
107.875
 70
    32
  0
VERTEX
  8
CONTOUR107_875
 10
79.4917057865
 20
16.6903515217
 30
107.875
 70
    32
  0
VERTEX
  8
CONTOUR107_875
 10
79.4917073289
 20
16.6903202529
 30
107.875
 70
    32
  0
VERTEX
  8
CONTOUR107_875
 10
79.491698306
 20
16.6902973996
 30
107.875
 70
    32
  0
VERTEX
  8
CONTOUR107_875
 10
79.491677992
 20
16.6902309501
 30
107.875
 70
    32
  0
VERTEX
  8
CONTOUR107_875
 10
79.4916776504
 20
16.6902306372
 30
107.875
 70
    32
  0
VERTEX
  8
CONTOUR107_875
 10
79.4916774725
 20
16.6902302529
 30
107.875
 70
    32
  0
VERTEX
  8
CONTOUR107_875
 10
79.4916773805
 20
16.690229565
 30
107.875
 70
    32
  0
VERTEX
  8
CONTOUR107_875
 10
79.4916739493
 20
16.6901448009
 30
107.875
 70
    32
  0
VERTEX
  8
CONTOUR107_875
 10
79.49167317
 20
16.6901402529
 30
107.875
 70
    32
  0
VERTEX
  8
CONTOUR107_875
 10
79.4916531495
 20
16.6901123051
 30
107.875
 70
    32
  0
VERTEX
  8
CONTOUR107_875
 10
79.4916393423
 20
16.6900937338
 30
107.875
 70
    32
  0
VERTEX
  8
CONTOUR107_875
 10
79.4916166535
 20
16.6900502529
 30
107.875
 70
    32
  0
VERTEX
  8
CONTOUR107_875
 10
79.4916051622
 20
16.6900421864
 30
107.875
 70
    32
  0
VERTEX
  8
CONTOUR107_875
 10
79.4915979919
 20
16.6900330592
 30
107.875
 70
    32
  0
VERTEX
  8
CONTOUR107_875
 10
79.4915723218
 20
16.6899891318
 30
107.875
 70
    32
  0
VERTEX
  8
CONTOUR107_875
 10
79.4915595893
 20
16.6899602529
 30
107.875
 70
    32
  0
VERTEX
  8
CONTOUR107_875
 10
79.4915376313
 20
16.6899381586
 30
107.875
 70
    32
  0
VERTEX
  8
CONTOUR107_875
 10
79.4915179919
 20
16.689927277
 30
107.875
 70
    32
  0
VERTEX
  8
CONTOUR107_875
 10
79.4914780781
 20
16.6899151559
 30
107.875
 70
    32
  0
VERTEX
  8
CONTOUR107_875
 10
79.4914772916
 20
16.6899144651
 30
107.875
 70
    32
  0
VERTEX
  8
CONTOUR107_875
 10
79.4914379919
 20
16.6898864703
 30
107.875
 70
    32
  0
VERTEX
  8
CONTOUR107_875
 10
79.4914281241
 20
16.6898813543
 30
107.875
 70
    32
  0
VERTEX
  8
CONTOUR107_875
 10
79.491408731
 20
16.6898702529
 30
107.875
 70
    32
  0
VERTEX
  8
CONTOUR107_875
 10
79.4913728866
 20
16.6898534963
 30
107.875
 70
    32
  0
VERTEX
  8
CONTOUR107_875
 10
79.4913579919
 20
16.6898388921
 30
107.875
 70
    32
  0
VERTEX
  8
CONTOUR107_875
 10
79.4913319951
 20
16.6898094994
 30
107.875
 70
    32
  0
VERTEX
  8
CONTOUR107_875
 10
79.4913020631
 20
16.6897802529
 30
107.875
 70
    32
  0
SEQEND
  8
CONTOUR107_875
  0
POLYLINE
  8
CONTOUR108
 66
     1
 70
     8
 39
1.95400004304e-06
 40
1.95400004304e-06
 41
1.95400004304e-06
  0
VERTEX
  8
CONTOUR108
 10
79.4912071894
 20
16.6914902527
 30
108
 70
    32
 39
1.95400004304e-06
 40
1.95400004304e-06
 41
1.95400004304e-06
  0
VERTEX
  8
CONTOUR108
 10
79.4912138467
 20
16.6914724161
 30
108
 70
    32
 39
1.95400004304e-06
 40
1.95400004304e-06
 41
1.95400004304e-06
  0
VERTEX
  8
CONTOUR108
 10
79.4912304742
 20
16.6914367954
 30
108
 70
    32
 39
1.95400004304e-06
 40
1.95400004304e-06
 41
1.95400004304e-06
  0
VERTEX
  8
CONTOUR108
 10
79.491239924
 20
16.6914002527
 30
108
 70
    32
 39
1.95400004304e-06
 40
1.95400004304e-06
 41
1.95400004304e-06
  0
SEQEND
  8
CONTOUR108
  0
TEXT
  8
CONTOUR108
 10
79.4912003379
 20
16.6913410666
 30
108
 40
3.90800014429e-05
  1
108
  0
POLYLINE
  8
CONTOUR108
 66
     1
 70
     8
 39
1.95400004304e-06
 40
1.95400004304e-06
 41
1.95400004304e-06
  0
VERTEX
  8
CONTOUR108
 10
79.4912779919
 20
16.6913209605
 30
108
 70
    32
 39
1.95400004304e-06
 40
1.95400004304e-06
 41
1.95400004304e-06
  0
VERTEX
  8
CONTOUR108
 10
79.4912779919
 20
16.6913209605
 30
108
 70
    32
 39
1.95400004304e-06
 40
1.95400004304e-06
 41
1.95400004304e-06
  0
VERTEX
  8
CONTOUR108
 10
79.4912810925
 20
16.691313741
 30
108
 70
    32
 39
1.95400004304e-06
 40
1.95400004304e-06
 41
1.95400004304e-06
  0
VERTEX
  8
CONTOUR108
 10
79.4912829476
 20
16.6913102527
 30
108
 70
    32
 39
1.95400004304e-06
 40
1.95400004304e-06
 41
1.95400004304e-06
  0
VERTEX
  8
CONTOUR108
 10
79.4912965602
 20
16.6912893634
 30
108
 70
    32
 39
1.95400004304e-06
 40
1.95400004304e-06
 41
1.95400004304e-06
  0
VERTEX
  8
CONTOUR108
 10
79.4913153325
 20
16.691262261
 30
108
 70
    32
 39
1.95400004304e-06
 40
1.95400004304e-06
 41
1.95400004304e-06
  0
VERTEX
  8
CONTOUR108
 10
79.4913346406
 20
16.6912202527
 30
108
 70
    32
 39
1.95400004304e-06
 40
1.95400004304e-06
 41
1.95400004304e-06
  0
VERTEX
  8
CONTOUR108
 10
79.4913418254
 20
16.6912020655
 30
108
 70
    32
 39
1.95400004304e-06
 40
1.95400004304e-06
 41
1.95400004304e-06
  0
VERTEX
  8
CONTOUR108
 10
79.4913579919
 20
16.691171762
 30
108
 70
    32
 39
1.95400004304e-06
 40
1.95400004304e-06
 41
1.95400004304e-06
  0
VERTEX
  8
CONTOUR108
 10
79.4913814992
 20
16.6911566985
 30
108
 70
    32
 39
1.95400004304e-06
 40
1.95400004304e-06
 41
1.95400004304e-06
  0
VERTEX
  8
CONTOUR108
 10
79.4914328995
 20
16.6911359817
 30
108
 70
    32
 39
1.95400004304e-06
 40
1.95400004304e-06
 41
1.95400004304e-06
  0
VERTEX
  8
CONTOUR108
 10
79.4914379919
 20
16.6911334929
 30
108
 70
    32
 39
1.95400004304e-06
 40
1.95400004304e-06
 41
1.95400004304e-06
  0
VERTEX
  8
CONTOUR108
 10
79.4914393227
 20
16.69113175
 30
108
 70
    32
 39
1.95400004304e-06
 40
1.95400004304e-06
 41
1.95400004304e-06
  0
VERTEX
  8
CONTOUR108
 10
79.4914402108
 20
16.6911302527
 30
108
 70
    32
 39
1.95400004304e-06
 40
1.95400004304e-06
 41
1.95400004304e-06
  0
VERTEX
  8
CONTOUR108
 10
79.4914416063
 20
16.6911261864
 30
108
 70
    32
 39
1.95400004304e-06
 40
1.95400004304e-06
 41
1.95400004304e-06
  0
VERTEX
  8
CONTOUR108
 10
79.4914565295
 20
16.6910611075
 30
108
 70
    32
 39
1.95400004304e-06
 40
1.95400004304e-06
 41
1.95400004304e-06
  0
VERTEX
  8
CONTOUR108
 10
79.491467463
 20
16.6910402528
 30
108
 70
    32
 39
1.95400004304e-06
 40
1.95400004304e-06
 41
1.95400004304e-06
  0
VERTEX
  8
CONTOUR108
 10
79.4914923684
 20
16.6910114263
 30
108
 70
    32
 39
1.95400004304e-06
 40
1.95400004304e-06
 41
1.95400004304e-06
  0
SEQEND
  8
CONTOUR108
  0
TEXT
  8
CONTOUR108
 10
79.4914727503
 20
16.6909612995
 30
108
 40
3.90800014429e-05
  1
108
  0
POLYLINE
  8
CONTOUR108
 66
     1
 70
     8
 39
1.95400004304e-06
 40
1.95400004304e-06
 41
1.95400004304e-06
  0
VERTEX
  8
CONTOUR108
 10
79.4915703722
 20
16.6909502528
 30
108
 70
    32
 39
1.95400004304e-06
 40
1.95400004304e-06
 41
1.95400004304e-06
  0
VERTEX
  8
CONTOUR108
 10
79.4915703722
 20
16.6909502528
 30
108
 70
    32
 39
1.95400004304e-06
 40
1.95400004304e-06
 41
1.95400004304e-06
  0
VERTEX
  8
CONTOUR108
 10
79.4915797951
 20
16.6909297813
 30
108
 70
    32
 39
1.95400004304e-06
 40
1.95400004304e-06
 41
1.95400004304e-06
  0
VERTEX
  8
CONTOUR108
 10
79.4915979919
 20
16.6909053774
 30
108
 70
    32
 39
1.95400004304e-06
 40
1.95400004304e-06
 41
1.95400004304e-06
  0
VERTEX
  8
CONTOUR108
 10
79.4916123796
 20
16.6908764389
 30
108
 70
    32
 39
1.95400004304e-06
 40
1.95400004304e-06
 41
1.95400004304e-06
  0
VERTEX
  8
CONTOUR108
 10
79.4916191731
 20
16.6908602528
 30
108
 70
    32
 39
1.95400004304e-06
 40
1.95400004304e-06
 41
1.95400004304e-06
  0
VERTEX
  8
CONTOUR108
 10
79.4916390276
 20
16.6908164179
 30
108
 70
    32
 39
1.95400004304e-06
 40
1.95400004304e-06
 41
1.95400004304e-06
  0
VERTEX
  8
CONTOUR108
 10
79.4916421757
 20
16.690810546
 30
108
 70
    32
 39
1.95400004304e-06
 40
1.95400004304e-06
 41
1.95400004304e-06
  0
VERTEX
  8
CONTOUR108
 10
79.4916628386
 20
16.6907702528
 30
108
 70
    32
 39
1.95400004304e-06
 40
1.95400004304e-06
 41
1.95400004304e-06
  0
VERTEX
  8
CONTOUR108
 10
79.4916620615
 20
16.6907523311
 30
108
 70
    32
 39
1.95400004304e-06
 40
1.95400004304e-06
 41
1.95400004304e-06
  0
VERTEX
  8
CONTOUR108
 10
79.4916607697
 20
16.6906996279
 30
108
 70
    32
 39
1.95400004304e-06
 40
1.95400004304e-06
 41
1.95400004304e-06
  0
VERTEX
  8
CONTOUR108
 10
79.4916598914
 20
16.6906802528
 30
108
 70
    32
 39
1.95400004304e-06
 40
1.95400004304e-06
 41
1.95400004304e-06
  0
VERTEX
  8
CONTOUR108
 10
79.4916571032
 20
16.690656753
 30
108
 70
    32
 39
1.95400004304e-06
 40
1.95400004304e-06
 41
1.95400004304e-06
  0
VERTEX
  8
CONTOUR108
 10
79.491650906
 20
16.6906207245
 30
108
 70
    32
 39
1.95400004304e-06
 40
1.95400004304e-06
 41
1.95400004304e-06
  0
VERTEX
  8
CONTOUR108
 10
79.4916477591
 20
16.6905902528
 30
108
 70
    32
 39
1.95400004304e-06
 40
1.95400004304e-06
 41
1.95400004304e-06
  0
SEQEND
  8
CONTOUR108
  0
TEXT
  8
CONTOUR108
 10
79.4915867254
 20
16.6905454342
 30
108
 40
3.90800014429e-05
  1
108
  0
POLYLINE
  8
CONTOUR108
 66
     1
 70
     8
 39
1.95400004304e-06
 40
1.95400004304e-06
 41
1.95400004304e-06
  0
VERTEX
  8
CONTOUR108
 10
79.4916429316
 20
16.6905396957
 30
108
 70
    32
 39
1.95400004304e-06
 40
1.95400004304e-06
 41
1.95400004304e-06
  0
VERTEX
  8
CONTOUR108
 10
79.4916429316
 20
16.6905396957
 30
108
 70
    32
 39
1.95400004304e-06
 40
1.95400004304e-06
 41
1.95400004304e-06
  0
VERTEX
  8
CONTOUR108
 10
79.4916394764
 20
16.6905002528
 30
108
 70
    32
 39
1.95400004304e-06
 40
1.95400004304e-06
 41
1.95400004304e-06
  0
VERTEX
  8
CONTOUR108
 10
79.4916419104
 20
16.6904596611
 30
108
 70
    32
 39
1.95400004304e-06
 40
1.95400004304e-06
 41
1.95400004304e-06
  0
VERTEX
  8
CONTOUR108
 10
79.4916466615
 20
16.6904454996
 30
108
 70
    32
 39
1.95400004304e-06
 40
1.95400004304e-06
 41
1.95400004304e-06
  0
VERTEX
  8
CONTOUR108
 10
79.4916505046
 20
16.6904102528
 30
108
 70
    32
 39
1.95400004304e-06
 40
1.95400004304e-06
 41
1.95400004304e-06
  0
VERTEX
  8
CONTOUR108
 10
79.4916521666
 20
16.6903811994
 30
108
 70
    32
 39
1.95400004304e-06
 40
1.95400004304e-06
 41
1.95400004304e-06
  0
VERTEX
  8
CONTOUR108
 10
79.491677992
 20
16.6903255112
 30
108
 70
    32
 39
1.95400004304e-06
 40
1.95400004304e-06
 41
1.95400004304e-06
  0
VERTEX
  8
CONTOUR108
 10
79.4916786445
 20
16.690320987
 30
108
 70
    32
 39
1.95400004304e-06
 40
1.95400004304e-06
 41
1.95400004304e-06
  0
VERTEX
  8
CONTOUR108
 10
79.4916786807
 20
16.6903202529
 30
108
 70
    32
 39
1.95400004304e-06
 40
1.95400004304e-06
 41
1.95400004304e-06
  0
VERTEX
  8
CONTOUR108
 10
79.4916784689
 20
16.6903197164
 30
108
 70
    32
 39
1.95400004304e-06
 40
1.95400004304e-06
 41
1.95400004304e-06
  0
VERTEX
  8
CONTOUR108
 10
79.491677992
 20
16.6903181565
 30
108
 70
    32
 39
1.95400004304e-06
 40
1.95400004304e-06
 41
1.95400004304e-06
  0
VERTEX
  8
CONTOUR108
 10
79.4916679493
 20
16.6903089549
 30
108
 70
    32
 39
1.95400004304e-06
 40
1.95400004304e-06
 41
1.95400004304e-06
  0
VERTEX
  8
CONTOUR108
 10
79.4916327336
 20
16.6902811684
 30
108
 70
    32
 39
1.95400004304e-06
 40
1.95400004304e-06
 41
1.95400004304e-06
  0
VERTEX
  8
CONTOUR108
 10
79.4916282685
 20
16.690264314
 30
108
 70
    32
 39
1.95400004304e-06
 40
1.95400004304e-06
 41
1.95400004304e-06
  0
VERTEX
  8
CONTOUR108
 10
79.4916125001
 20
16.6902302529
 30
108
 70
    32
 39
1.95400004304e-06
 40
1.95400004304e-06
 41
1.95400004304e-06
  0
VERTEX
  8
CONTOUR108
 10
79.4916106033
 20
16.6902160651
 30
108
 70
    32
 39
1.95400004304e-06
 40
1.95400004304e-06
 41
1.95400004304e-06
  0
VERTEX
  8
CONTOUR108
 10
79.4915979919
 20
16.6901675432
 30
108
 70
    32
 39
1.95400004304e-06
 40
1.95400004304e-06
 41
1.95400004304e-06
  0
VERTEX
  8
CONTOUR108
 10
79.4915937893
 20
16.6901449809
 30
108
 70
    32
 39
1.95400004304e-06
 40
1.95400004304e-06
 41
1.95400004304e-06
  0
SEQEND
  8
CONTOUR108
  0
TEXT
  8
CONTOUR108
 10
79.4915263575
 20
16.6900903541
 30
108
 40
3.90800014429e-05
  1
108
  0
POLYLINE
  8
CONTOUR108
 66
     1
 70
     8
 39
1.95400004304e-06
 40
1.95400004304e-06
 41
1.95400004304e-06
  0
VERTEX
  8
CONTOUR108
 10
79.4915761658
 20
16.6900748073
 30
108
 70
    32
 39
1.95400004304e-06
 40
1.95400004304e-06
 41
1.95400004304e-06
  0
VERTEX
  8
CONTOUR108
 10
79.4915761658
 20
16.6900748073
 30
108
 70
    32
 39
1.95400004304e-06
 40
1.95400004304e-06
 41
1.95400004304e-06
  0
VERTEX
  8
CONTOUR108
 10
79.4915726468
 20
16.6900502529
 30
108
 70
    32
 39
1.95400004304e-06
 40
1.95400004304e-06
 41
1.95400004304e-06
  0
VERTEX
  8
CONTOUR108
 10
79.4915518132
 20
16.6900122039
 30
108
 70
    32
 39
1.95400004304e-06
 40
1.95400004304e-06
 41
1.95400004304e-06
  0
VERTEX
  8
CONTOUR108
 10
79.4915420396
 20
16.6899873066
 30
108
 70
    32
 39
1.95400004304e-06
 40
1.95400004304e-06
 41
1.95400004304e-06
  0
VERTEX
  8
CONTOUR108
 10
79.4915301118
 20
16.6899602529
 30
108
 70
    32
 39
1.95400004304e-06
 40
1.95400004304e-06
 41
1.95400004304e-06
  0
VERTEX
  8
CONTOUR108
 10
79.4915237141
 20
16.6899538154
 30
108
 70
    32
 39
1.95400004304e-06
 40
1.95400004304e-06
 41
1.95400004304e-06
  0
VERTEX
  8
CONTOUR108
 10
79.4915179919
 20
16.6899506449
 30
108
 70
    32
 39
1.95400004304e-06
 40
1.95400004304e-06
 41
1.95400004304e-06
  0
VERTEX
  8
CONTOUR108
 10
79.4915062937
 20
16.6899470924
 30
108
 70
    32
 39
1.95400004304e-06
 40
1.95400004304e-06
 41
1.95400004304e-06
  0
VERTEX
  8
CONTOUR108
 10
79.4914483154
 20
16.689948639
 30
108
 70
    32
 39
1.95400004304e-06
 40
1.95400004304e-06
 41
1.95400004304e-06
  0
VERTEX
  8
CONTOUR108
 10
79.4914379919
 20
16.689941285
 30
108
 70
    32
 39
1.95400004304e-06
 40
1.95400004304e-06
 41
1.95400004304e-06
  0
VERTEX
  8
CONTOUR108
 10
79.49140672
 20
16.6899250721
 30
108
 70
    32
 39
1.95400004304e-06
 40
1.95400004304e-06
 41
1.95400004304e-06
  0
VERTEX
  8
CONTOUR108
 10
79.4913946239
 20
16.6899190419
 30
108
 70
    32
 39
1.95400004304e-06
 40
1.95400004304e-06
 41
1.95400004304e-06
  0
VERTEX
  8
CONTOUR108
 10
79.4913579919
 20
16.6898987599
 30
108
 70
    32
 39
1.95400004304e-06
 40
1.95400004304e-06
 41
1.95400004304e-06
  0
VERTEX
  8
CONTOUR108
 10
79.491346026
 20
16.6898837145
 30
108
 70
    32
 39
1.95400004304e-06
 40
1.95400004304e-06
 41
1.95400004304e-06
  0
VERTEX
  8
CONTOUR108
 10
79.4913334466
 20
16.6898702529
 30
108
 70
    32
 39
1.95400004304e-06
 40
1.95400004304e-06
 41
1.95400004304e-06
  0
VERTEX
  8
CONTOUR108
 10
79.4913057837
 20
16.689838987
 30
108
 70
    32
 39
1.95400004304e-06
 40
1.95400004304e-06
 41
1.95400004304e-06
  0
VERTEX
  8
CONTOUR108
 10
79.4912779919
 20
16.6898115698
 30
108
 70
    32
 39
1.95400004304e-06
 40
1.95400004304e-06
 41
1.95400004304e-06
  0
SEQEND
  8
CONTOUR108
  0
POLYLINE
  8
CONTOUR108_125
 66
     1
 70
     8
  0
VERTEX
  8
CONTOUR108_125
 10
79.4911599855
 20
16.6914902527
 30
108.125
 70
    32
  0
VERTEX
  8
CONTOUR108_125
 10
79.4911739226
 20
16.6914631748
 30
108.125
 70
    32
  0
VERTEX
  8
CONTOUR108_125
 10
79.4911979919
 20
16.6914056614
 30
108.125
 70
    32
  0
VERTEX
  8
CONTOUR108_125
 10
79.4911996473
 20
16.6914021151
 30
108.125
 70
    32
  0
VERTEX
  8
CONTOUR108_125
 10
79.4912001289
 20
16.6914002527
 30
108.125
 70
    32
  0
VERTEX
  8
CONTOUR108_125
 10
79.4912033811
 20
16.6913941899
 30
108.125
 70
    32
  0
VERTEX
  8
CONTOUR108_125
 10
79.4912300597
 20
16.691346329
 30
108.125
 70
    32
  0
VERTEX
  8
CONTOUR108_125
 10
79.4912472351
 20
16.6913102527
 30
108.125
 70
    32
  0
VERTEX
  8
CONTOUR108_125
 10
79.4912600515
 20
16.6912900698
 30
108.125
 70
    32
  0
VERTEX
  8
CONTOUR108_125
 10
79.4912779919
 20
16.6912703557
 30
108.125
 70
    32
  0
VERTEX
  8
CONTOUR108_125
 10
79.4912974967
 20
16.6912421957
 30
108.125
 70
    32
  0
VERTEX
  8
CONTOUR108_125
 10
79.4913075823
 20
16.6912202527
 30
108.125
 70
    32
  0
VERTEX
  8
CONTOUR108_125
 10
79.4913230926
 20
16.691180991
 30
108.125
 70
    32
  0
VERTEX
  8
CONTOUR108_125
 10
79.4913384054
 20
16.6911522875
 30
108.125
 70
    32
  0
VERTEX
  8
CONTOUR108_125
 10
79.4913492141
 20
16.6911302527
 30
108.125
 70
    32
  0
VERTEX
  8
CONTOUR108_125
 10
79.4913526155
 20
16.6911242043
 30
108.125
 70
    32
  0
VERTEX
  8
CONTOUR108_125
 10
79.4913579919
 20
16.6911187679
 30
108.125
 70
    32
  0
VERTEX
  8
CONTOUR108_125
 10
79.4913900764
 20
16.6910941577
 30
108.125
 70
    32
  0
VERTEX
  8
CONTOUR108_125
 10
79.4914005991
 20
16.6910881859
 30
108.125
 70
    32
  0
VERTEX
  8
CONTOUR108_125
 10
79.4914043258
 20
16.6910781271
 30
108.125
 70
    32
  0
VERTEX
  8
CONTOUR108_125
 10
79.4914251166
 20
16.6910402528
 30
108.125
 70
    32
  0
VERTEX
  8
CONTOUR108_125
 10
79.4914302249
 20
16.6910315149
 30
108.125
 70
    32
  0
VERTEX
  8
CONTOUR108_125
 10
79.4914379919
 20
16.691017071
 30
108.125
 70
    32
  0
VERTEX
  8
CONTOUR108_125
 10
79.4914671409
 20
16.6909830453
 30
108.125
 70
    32
  0
VERTEX
  8
CONTOUR108_125
 10
79.4915167343
 20
16.6909516676
 30
108.125
 70
    32
  0
VERTEX
  8
CONTOUR108_125
 10
79.4915179919
 20
16.6909507548
 30
108.125
 70
    32
  0
VERTEX
  8
CONTOUR108_125
 10
79.4915182374
 20
16.690950529
 30
108.125
 70
    32
  0
VERTEX
  8
CONTOUR108_125
 10
79.4915186096
 20
16.6909502528
 30
108.125
 70
    32
  0
VERTEX
  8
CONTOUR108_125
 10
79.4915192729
 20
16.6909488117
 30
108.125
 70
    32
  0
VERTEX
  8
CONTOUR108_125
 10
79.4915420172
 20
16.6908872813
 30
108.125
 70
    32
  0
VERTEX
  8
CONTOUR108_125
 10
79.4915611326
 20
16.6908602528
 30
108.125
 70
    32
  0
VERTEX
  8
CONTOUR108_125
 10
79.4915767445
 20
16.6908363493
 30
108.125
 70
    32
  0
VERTEX
  8
CONTOUR108_125
 10
79.4915979919
 20
16.6908146334
 30
108.125
 70
    32
  0
VERTEX
  8
CONTOUR108_125
 10
79.491610771
 20
16.6907846293
 30
108.125
 70
    32
  0
VERTEX
  8
CONTOUR108_125
 10
79.4916181435
 20
16.6907702528
 30
108.125
 70
    32
  0
VERTEX
  8
CONTOUR108_125
 10
79.4916172062
 20
16.6907486367
 30
108.125
 70
    32
  0
VERTEX
  8
CONTOUR108_125
 10
79.4916139736
 20
16.6906982322
 30
108.125
 70
    32
  0
VERTEX
  8
CONTOUR108_125
 10
79.4916131586
 20
16.6906802528
 30
108.125
 70
    32
  0
VERTEX
  8
CONTOUR108_125
 10
79.4916113725
 20
16.6906651996
 30
108.125
 70
    32
  0
VERTEX
  8
CONTOUR108_125
 10
79.4916082771
 20
16.6906018236
 30
108.125
 70
    32
  0
VERTEX
  8
CONTOUR108_125
 10
79.4916070821
 20
16.6905902528
 30
108.125
 70
    32
  0
VERTEX
  8
CONTOUR108_125
 10
79.4916062352
 20
16.6905809792
 30
108.125
 70
    32
  0
VERTEX
  8
CONTOUR108_125
 10
79.491600729
 20
16.690503332
 30
108.125
 70
    32
  0
VERTEX
  8
CONTOUR108_125
 10
79.4916004592
 20
16.6905002528
 30
108.125
 70
    32
  0
VERTEX
  8
CONTOUR108_125
 10
79.4916006377
 20
16.6904972763
 30
108.125
 70
    32
  0
VERTEX
  8
CONTOUR108_125
 10
79.4915979919
 20
16.6904826381
 30
108.125
 70
    32
  0
VERTEX
  8
CONTOUR108_125
 10
79.4915864028
 20
16.6904232905
 30
108.125
 70
    32
  0
VERTEX
  8
CONTOUR108_125
 10
79.4915846012
 20
16.6904102528
 30
108.125
 70
    32
  0
VERTEX
  8
CONTOUR108_125
 10
79.4915792133
 20
16.6903891268
 30
108.125
 70
    32
  0
VERTEX
  8
CONTOUR108_125
 10
79.4915723195
 20
16.6903491343
 30
108.125
 70
    32
  0
VERTEX
  8
CONTOUR108_125
 10
79.4915627444
 20
16.6903202529
 30
108.125
 70
    32
  0
VERTEX
  8
CONTOUR108_125
 10
79.4915572207
 20
16.6902761205
 30
108.125
 70
    32
  0
VERTEX
  8
CONTOUR108_125
 10
79.4915571096
 20
16.6902742602
 30
108.125
 70
    32
  0
VERTEX
  8
CONTOUR108_125
 10
79.4915522692
 20
16.6902302529
 30
108.125
 70
    32
  0
VERTEX
  8
CONTOUR108_125
 10
79.491548859
 20
16.6901955275
 30
108.125
 70
    32
  0
VERTEX
  8
CONTOUR108_125
 10
79.4915490971
 20
16.6901752462
 30
108.125
 70
    32
  0
VERTEX
  8
CONTOUR108_125
 10
79.4915463495
 20
16.6901402529
 30
108.125
 70
    32
  0
VERTEX
  8
CONTOUR108_125
 10
79.4915414804
 20
16.6901138284
 30
108.125
 70
    32
  0
VERTEX
  8
CONTOUR108_125
 10
79.4915395077
 20
16.6900744581
 30
108.125
 70
    32
  0
VERTEX
  8
CONTOUR108_125
 10
79.4915360387
 20
16.6900502529
 30
108.125
 70
    32
  0
VERTEX
  8
CONTOUR108_125
 10
79.4915291596
 20
16.6900376894
 30
108.125
 70
    32
  0
VERTEX
  8
CONTOUR108_125
 10
79.4915179919
 20
16.6900092407
 30
108.125
 70
    32
  0
VERTEX
  8
CONTOUR108_125
 10
79.4914790917
 20
16.6900040156
 30
108.125
 70
    32
  0
VERTEX
  8
CONTOUR108_125
 10
79.4914769989
 20
16.6900041358
 30
108.125
 70
    32
  0
VERTEX
  8
CONTOUR108_125
 10
79.4914379919
 20
16.6900002813
 30
108.125
 70
    32
  0
VERTEX
  8
CONTOUR108_125
 10
79.4914168151
 20
16.6899840768
 30
108.125
 70
    32
  0
VERTEX
  8
CONTOUR108_125
 10
79.4913637234
 20
16.6899602529
 30
108.125
 70
    32
  0
VERTEX
  8
CONTOUR108_125
 10
79.4913597518
 20
16.689958273
 30
108.125
 70
    32
  0
VERTEX
  8
CONTOUR108_125
 10
79.4913579919
 20
16.6899572985
 30
108.125
 70
    32
  0
VERTEX
  8
CONTOUR108_125
 10
79.4913214542
 20
16.6899113578
 30
108.125
 70
    32
  0
VERTEX
  8
CONTOUR108_125
 10
79.4912830431
 20
16.6898702529
 30
108.125
 70
    32
  0
VERTEX
  8
CONTOUR108_125
 10
79.4912805234
 20
16.6898674049
 30
108.125
 70
    32
  0
VERTEX
  8
CONTOUR108_125
 10
79.4912779919
 20
16.6898649076
 30
108.125
 70
    32
  0
SEQEND
  8
CONTOUR108_125
  0
POLYLINE
  8
CONTOUR108_25
 66
     1
 70
     8
  0
VERTEX
  8
CONTOUR108_25
 10
79.4911161739
 20
16.6914902527
 30
108.25
 70
    32
  0
VERTEX
  8
CONTOUR108_25
 10
79.4911165702
 20
16.6914886533
 30
108.25
 70
    32
  0
VERTEX
  8
CONTOUR108_25
 10
79.4911179919
 20
16.6914846345
 30
108.25
 70
    32
  0
VERTEX
  8
CONTOUR108_25
 10
79.4911463492
 20
16.6914321547
 30
108.25
 70
    32
  0
VERTEX
  8
CONTOUR108_25
 10
79.4911606627
 20
16.6914002527
 30
108.25
 70
    32
  0
VERTEX
  8
CONTOUR108_25
 10
79.4911763466
 20
16.6913759018
 30
108.25
 70
    32
  0
VERTEX
  8
CONTOUR108_25
 10
79.4911979919
 20
16.6913367202
 30
108.25
 70
    32
  0
VERTEX
  8
CONTOUR108_25
 10
79.4912070592
 20
16.6913204535
 30
108.25
 70
    32
  0
VERTEX
  8
CONTOUR108_25
 10
79.4912119157
 20
16.6913102527
 30
108.25
 70
    32
  0
VERTEX
  8
CONTOUR108_25
 10
79.4912394498
 20
16.6912668929
 30
108.25
 70
    32
  0
VERTEX
  8
CONTOUR108_25
 10
79.4912779919
 20
16.6912245401
 30
108.25
 70
    32
  0
VERTEX
  8
CONTOUR108_25
 10
79.4912796609
 20
16.6912221304
 30
108.25
 70
    32
  0
VERTEX
  8
CONTOUR108_25
 10
79.4912805239
 20
16.6912202527
 30
108.25
 70
    32
  0
VERTEX
  8
CONTOUR108_25
 10
79.4912825495
 20
16.6912151254
 30
108.25
 70
    32
  0
VERTEX
  8
CONTOUR108_25
 10
79.4913022364
 20
16.6911575278
 30
108.25
 70
    32
  0
VERTEX
  8
CONTOUR108_25
 10
79.4913156157
 20
16.6911302527
 30
108.25
 70
    32
  0
VERTEX
  8
CONTOUR108_25
 10
79.4913320363
 20
16.6911010528
 30
108.25
 70
    32
  0
VERTEX
  8
CONTOUR108_25
 10
79.4913579919
 20
16.6910748074
 30
108.25
 70
    32
  0
VERTEX
  8
CONTOUR108_25
 10
79.491376255
 20
16.6910607987
 30
108.25
 70
    32
  0
VERTEX
  8
CONTOUR108_25
 10
79.4913875335
 20
16.6910402528
 30
108.25
 70
    32
  0
VERTEX
  8
CONTOUR108_25
 10
79.491407553
 20
16.691006009
 30
108.25
 70
    32
  0
VERTEX
  8
CONTOUR108_25
 10
79.4914368355
 20
16.6909515536
 30
108.25
 70
    32
  0
VERTEX
  8
CONTOUR108_25
 10
79.4914375492
 20
16.6909502528
 30
108.25
 70
    32
  0
VERTEX
  8
CONTOUR108_25
 10
79.4914376455
 20
16.6909498631
 30
108.25
 70
    32
  0
VERTEX
  8
CONTOUR108_25
 10
79.4914379919
 20
16.69094907
 30
108.25
 70
    32
  0
VERTEX
  8
CONTOUR108_25
 10
79.4914731823
 20
16.690899842
 30
108.25
 70
    32
  0
VERTEX
  8
CONTOUR108_25
 10
79.4914918515
 20
16.6908602528
 30
108.25
 70
    32
  0
VERTEX
  8
CONTOUR108_25
 10
79.4915006871
 20
16.6908407848
 30
108.25
 70
    32
  0
VERTEX
  8
CONTOUR108_25
 10
79.4915179919
 20
16.6907872171
 30
108.25
 70
    32
  0
VERTEX
  8
CONTOUR108_25
 10
79.4915240891
 20
16.6907771121
 30
108.25
 70
    32
  0
VERTEX
  8
CONTOUR108_25
 10
79.4915309647
 20
16.6907702528
 30
108.25
 70
    32
  0
VERTEX
  8
CONTOUR108_25
 10
79.4915333187
 20
16.6907530102
 30
108.25
 70
    32
  0
VERTEX
  8
CONTOUR108_25
 10
79.4915466806
 20
16.6907125276
 30
108.25
 70
    32
  0
VERTEX
  8
CONTOUR108_25
 10
79.4915492838
 20
16.6906802528
 30
108.25
 70
    32
  0
VERTEX
  8
CONTOUR108_25
 10
79.4915529348
 20
16.690640942
 30
108.25
 70
    32
  0
VERTEX
  8
CONTOUR108_25
 10
79.491554964
 20
16.6906318464
 30
108.25
 70
    32
  0
VERTEX
  8
CONTOUR108_25
 10
79.4915577407
 20
16.6905902528
 30
108.25
 70
    32
  0
VERTEX
  8
CONTOUR108_25
 10
79.4915524412
 20
16.6905514974
 30
108.25
 70
    32
  0
VERTEX
  8
CONTOUR108_25
 10
79.4915494082
 20
16.6905355962
 30
108.25
 70
    32
  0
VERTEX
  8
CONTOUR108_25
 10
79.491544038
 20
16.6905002528
 30
108.25
 70
    32
  0
VERTEX
  8
CONTOUR108_25
 10
79.4915401823
 20
16.6904752887
 30
108.25
 70
    32
  0
VERTEX
  8
CONTOUR108_25
 10
79.4915358465
 20
16.6904303392
 30
108.25
 70
    32
  0
VERTEX
  8
CONTOUR108_25
 10
79.4915330708
 20
16.6904102528
 30
108.25
 70
    32
  0
VERTEX
  8
CONTOUR108_25
 10
79.491529709
 20
16.6903970711
 30
108.25
 70
    32
  0
VERTEX
  8
CONTOUR108_25
 10
79.4915179919
 20
16.690368084
 30
108.25
 70
    32
  0
VERTEX
  8
CONTOUR108_25
 10
79.4915035048
 20
16.6903365509
 30
108.25
 70
    32
  0
VERTEX
  8
CONTOUR108_25
 10
79.4915024471
 20
16.6903202529
 30
108.25
 70
    32
  0
VERTEX
  8
CONTOUR108_25
 10
79.4914991093
 20
16.69029901
 30
108.25
 70
    32
  0
VERTEX
  8
CONTOUR108_25
 10
79.4914968124
 20
16.6902540798
 30
108.25
 70
    32
  0
VERTEX
  8
CONTOUR108_25
 10
79.4914918001
 20
16.6902302529
 30
108.25
 70
    32
  0
VERTEX
  8
CONTOUR108_25
 10
79.4914841988
 20
16.6901922356
 30
108.25
 70
    32
  0
VERTEX
  8
CONTOUR108_25
 10
79.4914844631
 20
16.6901779727
 30
108.25
 70
    32
  0
VERTEX
  8
CONTOUR108_25
 10
79.4914699164
 20
16.6901402529
 30
108.25
 70
    32
  0
VERTEX
  8
CONTOUR108_25
 10
79.4914604572
 20
16.6901149794
 30
108.25
 70
    32
  0
VERTEX
  8
CONTOUR108_25
 10
79.4914379919
 20
16.6900871701
 30
108.25
 70
    32
  0
VERTEX
  8
CONTOUR108_25
 10
79.4914291544
 20
16.690060195
 30
108.25
 70
    32
  0
VERTEX
  8
CONTOUR108_25
 10
79.4914266576
 20
16.6900502529
 30
108.25
 70
    32
  0
VERTEX
  8
CONTOUR108_25
 10
79.4913870517
 20
16.6900175606
 30
108.25
 70
    32
  0
VERTEX
  8
CONTOUR108_25
 10
79.4913579919
 20
16.6900017022
 30
108.25
 70
    32
  0
VERTEX
  8
CONTOUR108_25
 10
79.4913344526
 20
16.6899867346
 30
108.25
 70
    32
  0
VERTEX
  8
CONTOUR108_25
 10
79.4913169188
 20
16.6899602529
 30
108.25
 70
    32
  0
VERTEX
  8
CONTOUR108_25
 10
79.4912984561
 20
16.6899372307
 30
108.25
 70
    32
  0
VERTEX
  8
CONTOUR108_25
 10
79.4912779919
 20
16.6899152495
 30
108.25
 70
    32
  0
VERTEX
  8
CONTOUR108_25
 10
79.4912516892
 20
16.6898998435
 30
108.25
 70
    32
  0
VERTEX
  8
CONTOUR108_25
 10
79.4912330725
 20
16.6898702529
 30
108.25
 70
    32
  0
SEQEND
  8
CONTOUR108_25
  0
POLYLINE
  8
CONTOUR108_375
 66
     1
 70
     8
  0
VERTEX
  8
CONTOUR108_375
 10
79.491090931
 20
16.6914902527
 30
108.375
 70
    32
  0
VERTEX
  8
CONTOUR108_375
 10
79.4910968299
 20
16.6914664455
 30
108.375
 70
    32
  0
VERTEX
  8
CONTOUR108_375
 10
79.4911179919
 20
16.6914066268
 30
108.375
 70
    32
  0
VERTEX
  8
CONTOUR108_375
 10
79.491120134
 20
16.6914026626
 30
108.375
 70
    32
  0
VERTEX
  8
CONTOUR108_375
 10
79.4911212152
 20
16.6914002527
 30
108.375
 70
    32
  0
VERTEX
  8
CONTOUR108_375
 10
79.4911296955
 20
16.6913870861
 30
108.375
 70
    32
  0
VERTEX
  8
CONTOUR108_375
 10
79.4911537835
 20
16.6913505182
 30
108.375
 70
    32
  0
VERTEX
  8
CONTOUR108_375
 10
79.4911767917
 20
16.6913102527
 30
108.375
 70
    32
  0
VERTEX
  8
CONTOUR108_375
 10
79.4911837193
 20
16.6912941961
 30
108.375
 70
    32
  0
VERTEX
  8
CONTOUR108_375
 10
79.4911979919
 20
16.6912673863
 30
108.375
 70
    32
  0
VERTEX
  8
CONTOUR108_375
 10
79.4912146927
 20
16.6912390412
 30
108.375
 70
    32
  0
VERTEX
  8
CONTOUR108_375
 10
79.4912318782
 20
16.6912202527
 30
108.375
 70
    32
  0
VERTEX
  8
CONTOUR108_375
 10
79.4912467099
 20
16.6911850605
 30
108.375
 70
    32
  0
VERTEX
  8
CONTOUR108_375
 10
79.4912779919
 20
16.6911407599
 30
108.375
 70
    32
  0
VERTEX
  8
CONTOUR108_375
 10
79.4912805858
 20
16.6911331709
 30
108.375
 70
    32
  0
VERTEX
  8
CONTOUR108_375
 10
79.4912820173
 20
16.6911302527
 30
108.375
 70
    32
  0
VERTEX
  8
CONTOUR108_375
 10
79.4912889496
 20
16.6911179253
 30
108.375
 70
    32
  0
VERTEX
  8
CONTOUR108_375
 10
79.4913089373
 20
16.6910750664
 30
108.375
 70
    32
  0
VERTEX
  8
CONTOUR108_375
 10
79.4913448169
 20
16.6910402528
 30
108.375
 70
    32
  0
VERTEX
  8
CONTOUR108_375
 10
79.4913506972
 20
16.6910320462
 30
108.375
 70
    32
  0
VERTEX
  8
CONTOUR108_375
 10
79.4913579919
 20
16.6910271525
 30
108.375
 70
    32
  0
VERTEX
  8
CONTOUR108_375
 10
79.4913853813
 20
16.6909810658
 30
108.375
 70
    32
  0
VERTEX
  8
CONTOUR108_375
 10
79.4914022841
 20
16.6909502528
 30
108.375
 70
    32
  0
VERTEX
  8
CONTOUR108_375
 10
79.4914100538
 20
16.6909188224
 30
108.375
 70
    32
  0
VERTEX
  8
CONTOUR108_375
 10
79.4914333616
 20
16.6908654618
 30
108.375
 70
    32
  0
VERTEX
  8
CONTOUR108_375
 10
79.4914351652
 20
16.6908602528
 30
108.375
 70
    32
  0
VERTEX
  8
CONTOUR108_375
 10
79.4914361484
 20
16.6908581789
 30
108.375
 70
    32
  0
VERTEX
  8
CONTOUR108_375
 10
79.4914379919
 20
16.6908543062
 30
108.375
 70
    32
  0
VERTEX
  8
CONTOUR108_375
 10
79.491464759
 20
16.6908003658
 30
108.375
 70
    32
  0
VERTEX
  8
CONTOUR108_375
 10
79.4914759995
 20
16.6907702528
 30
108.375
 70
    32
  0
VERTEX
  8
CONTOUR108_375
 10
79.4914745904
 20
16.6907290794
 30
108.375
 70
    32
  0
VERTEX
  8
CONTOUR108_375
 10
79.4914709215
 20
16.6907172986
 30
108.375
 70
    32
  0
VERTEX
  8
CONTOUR108_375
 10
79.4914685653
 20
16.6906802528
 30
108.375
 70
    32
  0
VERTEX
  8
CONTOUR108_375
 10
79.4914714545
 20
16.6906426073
 30
108.375
 70
    32
  0
VERTEX
  8
CONTOUR108_375
 10
79.4914667718
 20
16.6906226302
 30
108.375
 70
    32
  0
VERTEX
  8
CONTOUR108_375
 10
79.4914723432
 20
16.6905902528
 30
108.375
 70
    32
  0
VERTEX
  8
CONTOUR108_375
 10
79.4914671573
 20
16.6905574417
 30
108.375
 70
    32
  0
VERTEX
  8
CONTOUR108_375
 10
79.4914716317
 20
16.6905380976
 30
108.375
 70
    32
  0
VERTEX
  8
CONTOUR108_375
 10
79.491468893
 20
16.6905002528
 30
108.375
 70
    32
  0
VERTEX
  8
CONTOUR108_375
 10
79.4914620975
 20
16.690473134
 30
108.375
 70
    32
  0
VERTEX
  8
CONTOUR108_375
 10
79.4914381889
 20
16.6904104745
 30
108.375
 70
    32
  0
VERTEX
  8
CONTOUR108_375
 10
79.4914381189
 20
16.6904102528
 30
108.375
 70
    32
  0
VERTEX
  8
CONTOUR108_375
 10
79.4914380999
 20
16.6904101313
 30
108.375
 70
    32
  0
VERTEX
  8
CONTOUR108_375
 10
79.491457001
 20
16.6903416381
 30
108.375
 70
    32
  0
VERTEX
  8
CONTOUR108_375
 10
79.4914556132
 20
16.6903202529
 30
108.375
 70
    32
  0
VERTEX
  8
CONTOUR108_375
 10
79.4914529663
 20
16.6903034067
 30
108.375
 70
    32
  0
VERTEX
  8
CONTOUR108_375
 10
79.4914379919
 20
16.6902548914
 30
108.375
 70
    32
  0
VERTEX
  8
CONTOUR108_375
 10
79.4914305159
 20
16.6902386634
 30
108.375
 70
    32
  0
VERTEX
  8
CONTOUR108_375
 10
79.4914290117
 20
16.6902302529
 30
108.375
 70
    32
  0
VERTEX
  8
CONTOUR108_375
 10
79.4914192058
 20
16.6902091185
 30
108.375
 70
    32
  0
VERTEX
  8
CONTOUR108_375
 10
79.4914051404
 20
16.6901772108
 30
108.375
 70
    32
  0
VERTEX
  8
CONTOUR108_375
 10
79.491386015
 20
16.6901402529
 30
108.375
 70
    32
  0
VERTEX
  8
CONTOUR108_375
 10
79.4913791708
 20
16.6901164266
 30
108.375
 70
    32
  0
VERTEX
  8
CONTOUR108_375
 10
79.4913676475
 20
16.6900611155
 30
108.375
 70
    32
  0
VERTEX
  8
CONTOUR108_375
 10
79.4913649197
 20
16.6900502529
 30
108.375
 70
    32
  0
VERTEX
  8
CONTOUR108_375
 10
79.4913609238
 20
16.6900469545
 30
108.375
 70
    32
  0
VERTEX
  8
CONTOUR108_375
 10
79.4913579919
 20
16.6900453545
 30
108.375
 70
    32
  0
VERTEX
  8
CONTOUR108_375
 10
79.4913479776
 20
16.6900389869
 30
108.375
 70
    32
  0
VERTEX
  8
CONTOUR108_375
 10
79.4913035308
 20
16.6900215216
 30
108.375
 70
    32
  0
VERTEX
  8
CONTOUR108_375
 10
79.4912779919
 20
16.6899732417
 30
108.375
 70
    32
  0
VERTEX
  8
CONTOUR108_375
 10
79.4912716095
 20
16.6899674331
 30
108.375
 70
    32
  0
VERTEX
  8
CONTOUR108_375
 10
79.4912485025
 20
16.6899602529
 30
108.375
 70
    32
  0
VERTEX
  8
CONTOUR108_375
 10
79.4912077477
 20
16.6899492776
 30
108.375
 70
    32
  0
VERTEX
  8
CONTOUR108_375
 10
79.4911979919
 20
16.6899273374
 30
108.375
 70
    32
  0
VERTEX
  8
CONTOUR108_375
 10
79.4911858815
 20
16.6898838771
 30
108.375
 70
    32
  0
VERTEX
  8
CONTOUR108_375
 10
79.4911846344
 20
16.6898702529
 30
108.375
 70
    32
  0
SEQEND
  8
CONTOUR108_375
  0
POLYLINE
  8
CONTOUR108_5
 66
     1
 70
     8
  0
VERTEX
  8
CONTOUR108_5
 10
79.4910656882
 20
16.6914902527
 30
108.5
 70
    32
  0
VERTEX
  8
CONTOUR108_5
 10
79.4910763922
 20
16.6914470524
 30
108.5
 70
    32
  0
VERTEX
  8
CONTOUR108_5
 10
79.4910769507
 20
16.6914440814
 30
108.5
 70
    32
  0
VERTEX
  8
CONTOUR108_5
 10
79.4910900439
 20
16.6914002527
 30
108.5
 70
    32
  0
VERTEX
  8
CONTOUR108_5
 10
79.4910992934
 20
16.691379217
 30
108.5
 70
    32
  0
VERTEX
  8
CONTOUR108_5
 10
79.4911179919
 20
16.6913485484
 30
108.5
 70
    32
  0
VERTEX
  8
CONTOUR108_5
 10
79.4911324808
 20
16.6913265527
 30
108.5
 70
    32
  0
VERTEX
  8
CONTOUR108_5
 10
79.4911417948
 20
16.6913102527
 30
108.5
 70
    32
  0
VERTEX
  8
CONTOUR108_5
 10
79.4911601585
 20
16.6912676902
 30
108.5
 70
    32
  0
VERTEX
  8
CONTOUR108_5
 10
79.4911666288
 20
16.6912555362
 30
108.5
 70
    32
  0
VERTEX
  8
CONTOUR108_5
 10
79.4911843715
 20
16.6912202527
 30
108.5
 70
    32
  0
VERTEX
  8
CONTOUR108_5
 10
79.4911890322
 20
16.6912101731
 30
108.5
 70
    32
  0
VERTEX
  8
CONTOUR108_5
 10
79.4911979919
 20
16.6911556086
 30
108.5
 70
    32
  0
VERTEX
  8
CONTOUR108_5
 10
79.4912039565
 20
16.6911369629
 30
108.5
 70
    32
  0
VERTEX
  8
CONTOUR108_5
 10
79.4912083544
 20
16.6911302527
 30
108.5
 70
    32
  0
VERTEX
  8
CONTOUR108_5
 10
79.4912494182
 20
16.6910981074
 30
108.5
 70
    32
  0
VERTEX
  8
CONTOUR108_5
 10
79.4912779919
 20
16.6910481996
 30
108.5
 70
    32
  0
VERTEX
  8
CONTOUR108_5
 10
79.4912804227
 20
16.6910429874
 30
108.5
 70
    32
  0
VERTEX
  8
CONTOUR108_5
 10
79.4912832411
 20
16.6910402528
 30
108.5
 70
    32
  0
VERTEX
  8
CONTOUR108_5
 10
79.4913050619
 20
16.691009799
 30
108.5
 70
    32
  0
VERTEX
  8
CONTOUR108_5
 10
79.4913158219
 20
16.6909928116
 30
108.5
 70
    32
  0
VERTEX
  8
CONTOUR108_5
 10
79.4913234813
 20
16.6909890771
 30
108.5
 70
    32
  0
VERTEX
  8
CONTOUR108_5
 10
79.4913579919
 20
16.6909659257
 30
108.5
 70
    32
  0
VERTEX
  8
CONTOUR108_5
 10
79.4913635741
 20
16.6909565328
 30
108.5
 70
    32
  0
VERTEX
  8
CONTOUR108_5
 10
79.491367019
 20
16.6909502528
 30
108.5
 70
    32
  0
VERTEX
  8
CONTOUR108_5
 10
79.4913704967
 20
16.6909361848
 30
108.5
 70
    32
  0
VERTEX
  8
CONTOUR108_5
 10
79.4913779846
 20
16.6908827445
 30
108.5
 70
    32
  0
VERTEX
  8
CONTOUR108_5
 10
79.4913857721
 20
16.6908602528
 30
108.5
 70
    32
  0
VERTEX
  8
CONTOUR108_5
 10
79.4914039361
 20
16.69082194
 30
108.5
 70
    32
  0
VERTEX
  8
CONTOUR108_5
 10
79.4914176427
 20
16.6907931456
 30
108.5
 70
    32
  0
VERTEX
  8
CONTOUR108_5
 10
79.4914285267
 20
16.6907702528
 30
108.5
 70
    32
  0
VERTEX
  8
CONTOUR108_5
 10
79.4914248105
 20
16.6907554237
 30
108.5
 70
    32
  0
VERTEX
  8
CONTOUR108_5
 10
79.4914129647
 20
16.6907084083
 30
108.5
 70
    32
  0
VERTEX
  8
CONTOUR108_5
 10
79.4914059386
 20
16.6906802528
 30
108.5
 70
    32
  0
VERTEX
  8
CONTOUR108_5
 10
79.4914043627
 20
16.69064242
 30
108.5
 70
    32
  0
VERTEX
  8
CONTOUR108_5
 10
79.4914031884
 20
16.6906294067
 30
108.5
 70
    32
  0
VERTEX
  8
CONTOUR108_5
 10
79.4914017343
 20
16.6905902528
 30
108.5
 70
    32
  0
VERTEX
  8
CONTOUR108_5
 10
79.4914019612
 20
16.6905497183
 30
108.5
 70
    32
  0
VERTEX
  8
CONTOUR108_5
 10
79.4914028619
 20
16.6905397741
 30
108.5
 70
    32
  0
VERTEX
  8
CONTOUR108_5
 10
79.4914031293
 20
16.6905002528
 30
108.5
 70
    32
  0
VERTEX
  8
CONTOUR108_5
 10
79.4913918145
 20
16.6904622024
 30
108.5
 70
    32
  0
VERTEX
  8
CONTOUR108_5
 10
79.4913798122
 20
16.6904348007
 30
108.5
 70
    32
  0
VERTEX
  8
CONTOUR108_5
 10
79.4913705487
 20
16.6904102528
 30
108.5
 70
    32
  0
VERTEX
  8
CONTOUR108_5
 10
79.4913723768
 20
16.6903940698
 30
108.5
 70
    32
  0
VERTEX
  8
CONTOUR108_5
 10
79.4913681007
 20
16.6903316254
 30
108.5
 70
    32
  0
VERTEX
  8
CONTOUR108_5
 10
79.4913701695
 20
16.6903202529
 30
108.5
 70
    32
  0
VERTEX
  8
CONTOUR108_5
 10
79.4913670425
 20
16.6903100708
 30
108.5
 70
    32
  0
VERTEX
  8
CONTOUR108_5
 10
79.491367636
 20
16.6902411025
 30
108.5
 70
    32
  0
VERTEX
  8
CONTOUR108_5
 10
79.4913656958
 20
16.6902302529
 30
108.5
 70
    32
  0
VERTEX
  8
CONTOUR108_5
 10
79.4913630536
 20
16.6902245584
 30
108.5
 70
    32
  0
VERTEX
  8
CONTOUR108_5
 10
79.4913579919
 20
16.6902151454
 30
108.5
 70
    32
  0
VERTEX
  8
CONTOUR108_5
 10
79.4913283289
 20
16.6901736237
 30
108.5
 70
    32
  0
VERTEX
  8
CONTOUR108_5
 10
79.4913014539
 20
16.6901402529
 30
108.5
 70
    32
  0
VERTEX
  8
CONTOUR108_5
 10
79.4912931133
 20
16.6901232413
 30
108.5
 70
    32
  0
VERTEX
  8
CONTOUR108_5
 10
79.4912779919
 20
16.6901059598
 30
108.5
 70
    32
  0
VERTEX
  8
CONTOUR108_5
 10
79.4912578029
 20
16.6900729654
 30
108.5
 70
    32
  0
VERTEX
  8
CONTOUR108_5
 10
79.4912397458
 20
16.6900502529
 30
108.5
 70
    32
  0
VERTEX
  8
CONTOUR108_5
 10
79.4912173605
 20
16.6900284632
 30
108.5
 70
    32
  0
VERTEX
  8
CONTOUR108_5
 10
79.4911979919
 20
16.6900188567
 30
108.5
 70
    32
  0
VERTEX
  8
CONTOUR108_5
 10
79.4911715913
 20
16.6899899535
 30
108.5
 70
    32
  0
VERTEX
  8
CONTOUR108_5
 10
79.4911432026
 20
16.6899602529
 30
108.5
 70
    32
  0
VERTEX
  8
CONTOUR108_5
 10
79.4911398846
 20
16.6899356236
 30
108.5
 70
    32
  0
VERTEX
  8
CONTOUR108_5
 10
79.4911421973
 20
16.689897484
 30
108.5
 70
    32
  0
VERTEX
  8
CONTOUR108_5
 10
79.4911397047
 20
16.6898702529
 30
108.5
 70
    32
  0
SEQEND
  8
CONTOUR108_5
  0
POLYLINE
  8
CONTOUR108_625
 66
     1
 70
     8
  0
VERTEX
  8
CONTOUR108_625
 10
79.4910404454
 20
16.6914902527
 30
108.625
 70
    32
  0
VERTEX
  8
CONTOUR108_625
 10
79.4910413936
 20
16.6914864259
 30
108.625
 70
    32
  0
VERTEX
  8
CONTOUR108_625
 10
79.4910541715
 20
16.6914184548
 30
108.625
 70
    32
  0
VERTEX
  8
CONTOUR108_625
 10
79.4910596092
 20
16.6914002527
 30
108.625
 70
    32
  0
VERTEX
  8
CONTOUR108_625
 10
79.4910789311
 20
16.6913563094
 30
108.625
 70
    32
  0
VERTEX
  8
CONTOUR108_625
 10
79.4910830334
 20
16.6913495811
 30
108.625
 70
    32
  0
VERTEX
  8
CONTOUR108_625
 10
79.4911054006
 20
16.6913102527
 30
108.625
 70
    32
  0
VERTEX
  8
CONTOUR108_625
 10
79.4911092655
 20
16.6913004355
 30
108.625
 70
    32
  0
VERTEX
  8
CONTOUR108_625
 10
79.4911179919
 20
16.6912798625
 30
108.625
 70
    32
  0
VERTEX
  8
CONTOUR108_625
 10
79.4911343362
 20
16.6912386401
 30
108.625
 70
    32
  0
VERTEX
  8
CONTOUR108_625
 10
79.4911435825
 20
16.6912202527
 30
108.625
 70
    32
  0
VERTEX
  8
CONTOUR108_625
 10
79.4911622008
 20
16.6911799877
 30
108.625
 70
    32
  0
VERTEX
  8
CONTOUR108_625
 10
79.4911641081
 20
16.691168372
 30
108.625
 70
    32
  0
VERTEX
  8
CONTOUR108_625
 10
79.4911753614
 20
16.6911302527
 30
108.625
 70
    32
  0
VERTEX
  8
CONTOUR108_625
 10
79.4911828349
 20
16.6911132011
 30
108.625
 70
    32
  0
VERTEX
  8
CONTOUR108_625
 10
79.4911979919
 20
16.6910899566
 30
108.625
 70
    32
  0
VERTEX
  8
CONTOUR108_625
 10
79.4912229211
 20
16.6910682981
 30
108.625
 70
    32
  0
VERTEX
  8
CONTOUR108_625
 10
79.4912411561
 20
16.6910402528
 30
108.625
 70
    32
  0
VERTEX
  8
CONTOUR108_625
 10
79.4912551576
 20
16.6910145642
 30
108.625
 70
    32
  0
VERTEX
  8
CONTOUR108_625
 10
79.4912661228
 20
16.6909636055
 30
108.625
 70
    32
  0
VERTEX
  8
CONTOUR108_625
 10
79.4912706785
 20
16.6909502528
 30
108.625
 70
    32
  0
VERTEX
  8
CONTOUR108_625
 10
79.491272075
 20
16.6909435963
 30
108.625
 70
    32
  0
VERTEX
  8
CONTOUR108_625
 10
79.4912779919
 20
16.690922973
 30
108.625
 70
    32
  0
VERTEX
  8
CONTOUR108_625
 10
79.4913087243
 20
16.6908948267
 30
108.625
 70
    32
  0
VERTEX
  8
CONTOUR108_625
 10
79.4913263026
 20
16.6908602528
 30
108.625
 70
    32
  0
VERTEX
  8
CONTOUR108_625
 10
79.4913384944
 20
16.6908383182
 30
108.625
 70
    32
  0
VERTEX
  8
CONTOUR108_625
 10
79.4913579919
 20
16.6908145447
 30
108.625
 70
    32
  0
VERTEX
  8
CONTOUR108_625
 10
79.4913716754
 20
16.6907856467
 30
108.625
 70
    32
  0
VERTEX
  8
CONTOUR108_625
 10
79.4913789942
 20
16.6907702528
 30
108.625
 70
    32
  0
VERTEX
  8
CONTOUR108_625
 10
79.4913743752
 20
16.6907518215
 30
108.625
 70
    32
  0
VERTEX
  8
CONTOUR108_625
 10
79.4913579919
 20
16.6906858122
 30
108.625
 70
    32
  0
VERTEX
  8
CONTOUR108_625
 10
79.4913565503
 20
16.6906818745
 30
108.625
 70
    32
  0
VERTEX
  8
CONTOUR108_625
 10
79.4913564319
 20
16.6906802528
 30
108.625
 70
    32
  0
VERTEX
  8
CONTOUR108_625
 10
79.491356462
 20
16.6906785317
 30
108.625
 70
    32
  0
VERTEX
  8
CONTOUR108_625
 10
79.4913576952
 20
16.6905905866
 30
108.625
 70
    32
  0
VERTEX
  8
CONTOUR108_625
 10
79.491357701
 20
16.6905902528
 30
108.625
 70
    32
  0
VERTEX
  8
CONTOUR108_625
 10
79.491357646
 20
16.6905898638
 30
108.625
 70
    32
  0
VERTEX
  8
CONTOUR108_625
 10
79.4913499385
 20
16.6905093129
 30
108.625
 70
    32
  0
VERTEX
  8
CONTOUR108_625
 10
79.4913484936
 20
16.6905002528
 30
108.625
 70
    32
  0
VERTEX
  8
CONTOUR108_625
 10
79.4913422484
 20
16.6904825414
 30
108.625
 70
    32
  0
VERTEX
  8
CONTOUR108_625
 10
79.4913269119
 20
16.6904452178
 30
108.625
 70
    32
  0
VERTEX
  8
CONTOUR108_625
 10
79.4913170001
 20
16.6904102528
 30
108.625
 70
    32
  0
VERTEX
  8
CONTOUR108_625
 10
79.4913116307
 20
16.6903724091
 30
108.625
 70
    32
  0
VERTEX
  8
CONTOUR108_625
 10
79.4913059834
 20
16.6903517433
 30
108.625
 70
    32
  0
VERTEX
  8
CONTOUR108_625
 10
79.49130021
 20
16.6903202529
 30
108.625
 70
    32
  0
VERTEX
  8
CONTOUR108_625
 10
79.4912980871
 20
16.6902976458
 30
108.625
 70
    32
  0
VERTEX
  8
CONTOUR108_625
 10
79.4912850124
 20
16.690238151
 30
108.625
 70
    32
  0
VERTEX
  8
CONTOUR108_625
 10
79.4912840528
 20
16.6902302529
 30
108.625
 70
    32
  0
VERTEX
  8
CONTOUR108_625
 10
79.4912813337
 20
16.6902264934
 30
108.625
 70
    32
  0
VERTEX
  8
CONTOUR108_625
 10
79.4912779919
 20
16.6902223669
 30
108.625
 70
    32
  0
VERTEX
  8
CONTOUR108_625
 10
79.4912438125
 20
16.6901787046
 30
108.625
 70
    32
  0
VERTEX
  8
CONTOUR108_625
 10
79.4912213078
 20
16.6901402529
 30
108.625
 70
    32
  0
VERTEX
  8
CONTOUR108_625
 10
79.4912115559
 20
16.6901249933
 30
108.625
 70
    32
  0
VERTEX
  8
CONTOUR108_625
 10
79.4911979919
 20
16.6901081484
 30
108.625
 70
    32
  0
VERTEX
  8
CONTOUR108_625
 10
79.4911748775
 20
16.6900762566
 30
108.625
 70
    32
  0
VERTEX
  8
CONTOUR108_625
 10
79.4911628728
 20
16.6900502529
 30
108.625
 70
    32
  0
VERTEX
  8
CONTOUR108_625
 10
79.4911401337
 20
16.6900253434
 30
108.625
 70
    32
  0
VERTEX
  8
CONTOUR108_625
 10
79.4911179919
 20
16.6900021409
 30
108.625
 70
    32
  0
VERTEX
  8
CONTOUR108_625
 10
79.4910893306
 20
16.6899924968
 30
108.625
 70
    32
  0
VERTEX
  8
CONTOUR108_625
 10
79.4910576524
 20
16.689982371
 30
108.625
 70
    32
  0
VERTEX
  8
CONTOUR108_625
 10
79.4910379919
 20
16.689975906
 30
108.625
 70
    32
  0
SEQEND
  8
CONTOUR108_625
  0
POLYLINE
  8
CONTOUR108_75
 66
     1
 70
     8
  0
VERTEX
  8
CONTOUR108_75
 10
79.490993649
 20
16.6914902527
 30
108.75
 70
    32
  0
VERTEX
  8
CONTOUR108_75
 10
79.4910029407
 20
16.6914508201
 30
108.75
 70
    32
  0
VERTEX
  8
CONTOUR108_75
 10
79.4910102133
 20
16.6914315036
 30
108.75
 70
    32
  0
VERTEX
  8
CONTOUR108_75
 10
79.4910196861
 20
16.6914002527
 30
108.75
 70
    32
  0
VERTEX
  8
CONTOUR108_75
 10
79.4910282167
 20
16.6913892556
 30
108.75
 70
    32
  0
VERTEX
  8
CONTOUR108_75
 10
79.4910379919
 20
16.6913742326
 30
108.75
 70
    32
  0
VERTEX
  8
CONTOUR108_75
 10
79.4910550932
 20
16.6913294917
 30
108.75
 70
    32
  0
VERTEX
  8
CONTOUR108_75
 10
79.491066035
 20
16.6913102527
 30
108.75
 70
    32
  0
VERTEX
  8
CONTOUR108_75
 10
79.4910819829
 20
16.6912697427
 30
108.75
 70
    32
  0
VERTEX
  8
CONTOUR108_75
 10
79.4910892686
 20
16.6912525665
 30
108.75
 70
    32
  0
VERTEX
  8
CONTOUR108_75
 10
79.4911026094
 20
16.6912202527
 30
108.75
 70
    32
  0
VERTEX
  8
CONTOUR108_75
 10
79.4911084465
 20
16.6912095142
 30
108.75
 70
    32
  0
VERTEX
  8
CONTOUR108_75
 10
79.4911179919
 20
16.6911989691
 30
108.75
 70
    32
  0
VERTEX
  8
CONTOUR108_75
 10
79.4911415095
 20
16.69115671
 30
108.75
 70
    32
  0
VERTEX
  8
CONTOUR108_75
 10
79.49114932
 20
16.6911302527
 30
108.75
 70
    32
  0
VERTEX
  8
CONTOUR108_75
 10
79.4911653934
 20
16.6910935794
 30
108.75
 70
    32
  0
VERTEX
  8
CONTOUR108_75
 10
79.4911979919
 20
16.6910435871
 30
108.75
 70
    32
  0
VERTEX
  8
CONTOUR108_75
 10
79.4911996642
 20
16.6910421341
 30
108.75
 70
    32
  0
VERTEX
  8
CONTOUR108_75
 10
79.4912008875
 20
16.6910402528
 30
108.75
 70
    32
  0
VERTEX
  8
CONTOUR108_75
 10
79.4912054775
 20
16.6910318314
 30
108.75
 70
    32
  0
VERTEX
  8
CONTOUR108_75
 10
79.4912323027
 20
16.6909888525
 30
108.75
 70
    32
  0
VERTEX
  8
CONTOUR108_75
 10
79.4912454721
 20
16.6909502528
 30
108.75
 70
    32
  0
VERTEX
  8
CONTOUR108_75
 10
79.4912516818
 20
16.690920654
 30
108.75
 70
    32
  0
VERTEX
  8
CONTOUR108_75
 10
79.4912647311
 20
16.6908751712
 30
108.75
 70
    32
  0
VERTEX
  8
CONTOUR108_75
 10
79.4912683334
 20
16.6908602528
 30
108.75
 70
    32
  0
VERTEX
  8
CONTOUR108_75
 10
79.4912697001
 20
16.6908509246
 30
108.75
 70
    32
  0
VERTEX
  8
CONTOUR108_75
 10
79.4912779919
 20
16.6908026215
 30
108.75
 70
    32
  0
VERTEX
  8
CONTOUR108_75
 10
79.491288282
 20
16.6907818291
 30
108.75
 70
    32
  0
VERTEX
  8
CONTOUR108_75
 10
79.4912975978
 20
16.6907702528
 30
108.75
 70
    32
  0
VERTEX
  8
CONTOUR108_75
 10
79.4912949798
 20
16.6907511414
 30
108.75
 70
    32
  0
VERTEX
  8
CONTOUR108_75
 10
79.4913025719
 20
16.6907079054
 30
108.75
 70
    32
  0
VERTEX
  8
CONTOUR108_75
 10
79.4913005534
 20
16.6906802528
 30
108.75
 70
    32
  0
VERTEX
  8
CONTOUR108_75
 10
79.4913010059
 20
16.6906543621
 30
108.75
 70
    32
  0
VERTEX
  8
CONTOUR108_75
 10
79.4913017827
 20
16.6906170175
 30
108.75
 70
    32
  0
VERTEX
  8
CONTOUR108_75
 10
79.491302247
 20
16.6905902528
 30
108.75
 70
    32
  0
VERTEX
  8
CONTOUR108_75
 10
79.4912989227
 20
16.6905667057
 30
108.75
 70
    32
  0
VERTEX
  8
CONTOUR108_75
 10
79.4912875735
 20
16.6905110322
 30
108.75
 70
    32
  0
VERTEX
  8
CONTOUR108_75
 10
79.4912858545
 20
16.6905002528
 30
108.75
 70
    32
  0
VERTEX
  8
CONTOUR108_75
 10
79.4912836214
 20
16.6904939197
 30
108.75
 70
    32
  0
VERTEX
  8
CONTOUR108_75
 10
79.4912779919
 20
16.6904680572
 30
108.75
 70
    32
  0
VERTEX
  8
CONTOUR108_75
 10
79.4912631181
 20
16.6904269859
 30
108.75
 70
    32
  0
VERTEX
  8
CONTOUR108_75
 10
79.4912356083
 20
16.6904102528
 30
108.75
 70
    32
  0
VERTEX
  8
CONTOUR108_75
 10
79.4912188609
 20
16.6903867751
 30
108.75
 70
    32
  0
VERTEX
  8
CONTOUR108_75
 10
79.4911979919
 20
16.6903381183
 30
108.75
 70
    32
  0
VERTEX
  8
CONTOUR108_75
 10
79.4911956534
 20
16.6903228836
 30
108.75
 70
    32
  0
VERTEX
  8
CONTOUR108_75
 10
79.4911946914
 20
16.6903202529
 30
108.75
 70
    32
  0
VERTEX
  8
CONTOUR108_75
 10
79.4911934773
 20
16.6903151739
 30
108.75
 70
    32
  0
VERTEX
  8
CONTOUR108_75
 10
79.4911885689
 20
16.6902408538
 30
108.75
 70
    32
  0
VERTEX
  8
CONTOUR108_75
 10
79.491184196
 20
16.6902302529
 30
108.75
 70
    32
  0
VERTEX
  8
CONTOUR108_75
 10
79.491156751
 20
16.6901866489
 30
108.75
 70
    32
  0
VERTEX
  8
CONTOUR108_75
 10
79.4911539057
 20
16.6901806559
 30
108.75
 70
    32
  0
VERTEX
  8
CONTOUR108_75
 10
79.491133177
 20
16.6901402529
 30
108.75
 70
    32
  0
VERTEX
  8
CONTOUR108_75
 10
79.4911265677
 20
16.6901306052
 30
108.75
 70
    32
  0
VERTEX
  8
CONTOUR108_75
 10
79.4911179919
 20
16.6901079431
 30
108.75
 70
    32
  0
VERTEX
  8
CONTOUR108_75
 10
79.4910969954
 20
16.6900738739
 30
108.75
 70
    32
  0
VERTEX
  8
CONTOUR108_75
 10
79.4910619678
 20
16.6900502529
 30
108.75
 70
    32
  0
VERTEX
  8
CONTOUR108_75
 10
79.4910436262
 20
16.6900439143
 30
108.75
 70
    32
  0
VERTEX
  8
CONTOUR108_75
 10
79.4910379919
 20
16.6900420617
 30
108.75
 70
    32
  0
SEQEND
  8
CONTOUR108_75
  0
POLYLINE
  8
CONTOUR108_875
 66
     1
 70
     8
  0
VERTEX
  8
CONTOUR108_875
 10
79.4909454235
 20
16.6914902527
 30
108.875
 70
    32
  0
VERTEX
  8
CONTOUR108_875
 10
79.4909495077
 20
16.691480708
 30
108.875
 70
    32
  0
VERTEX
  8
CONTOUR108_875
 10
79.4909570859
 20
16.691401272
 30
108.875
 70
    32
  0
VERTEX
  8
CONTOUR108_875
 10
79.4909573462
 20
16.6914002527
 30
108.875
 70
    32
  0
VERTEX
  8
CONTOUR108_875
 10
79.4909575163
 20
16.6913997177
 30
108.875
 70
    32
  0
VERTEX
  8
CONTOUR108_875
 10
79.4909579919
 20
16.6913984948
 30
108.875
 70
    32
  0
VERTEX
  8
CONTOUR108_875
 10
79.4909947569
 20
16.6913516134
 30
108.875
 70
    32
  0
VERTEX
  8
CONTOUR108_875
 10
79.4910223578
 20
16.6913102527
 30
108.875
 70
    32
  0
VERTEX
  8
CONTOUR108_875
 10
79.4910278654
 20
16.6912988605
 30
108.875
 70
    32
  0
VERTEX
  8
CONTOUR108_875
 10
79.4910379919
 20
16.6912799008
 30
108.875
 70
    32
  0
VERTEX
  8
CONTOUR108_875
 10
79.4910539259
 20
16.6912381785
 30
108.875
 70
    32
  0
VERTEX
  8
CONTOUR108_875
 10
79.4910613267
 20
16.6912202527
 30
108.875
 70
    32
  0
VERTEX
  8
CONTOUR108_875
 10
79.4910828292
 20
16.6911806947
 30
108.875
 70
    32
  0
VERTEX
  8
CONTOUR108_875
 10
79.4911179919
 20
16.691141849
 30
108.875
 70
    32
  0
VERTEX
  8
CONTOUR108_875
 10
79.4911219606
 20
16.6911347175
 30
108.875
 70
    32
  0
VERTEX
  8
CONTOUR108_875
 10
79.4911232787
 20
16.6911302527
 30
108.875
 70
    32
  0
VERTEX
  8
CONTOUR108_875
 10
79.4911284209
 20
16.6911185201
 30
108.875
 70
    32
  0
VERTEX
  8
CONTOUR108_875
 10
79.4911456602
 20
16.6910713796
 30
108.875
 70
    32
  0
VERTEX
  8
CONTOUR108_875
 10
79.4911645416
 20
16.6910402528
 30
108.875
 70
    32
  0
VERTEX
  8
CONTOUR108_875
 10
79.4911760234
 20
16.6910155382
 30
108.875
 70
    32
  0
VERTEX
  8
CONTOUR108_875
 10
79.4911979919
 20
16.6909941491
 30
108.875
 70
    32
  0
VERTEX
  8
CONTOUR108_875
 10
79.4912140877
 20
16.6909683606
 30
108.875
 70
    32
  0
VERTEX
  8
CONTOUR108_875
 10
79.4912202657
 20
16.6909502528
 30
108.875
 70
    32
  0
VERTEX
  8
CONTOUR108_875
 10
79.491227147
 20
16.6909174533
 30
108.875
 70
    32
  0
VERTEX
  8
CONTOUR108_875
 10
79.491230493
 20
16.6908968164
 30
108.875
 70
    32
  0
VERTEX
  8
CONTOUR108_875
 10
79.4912393218
 20
16.6908602528
 30
108.875
 70
    32
  0
VERTEX
  8
CONTOUR108_875
 10
79.491244794
 20
16.6908229052
 30
108.875
 70
    32
  0
VERTEX
  8
CONTOUR108_875
 10
79.4912480501
 20
16.6908039373
 30
108.875
 70
    32
  0
VERTEX
  8
CONTOUR108_875
 10
79.4912532312
 20
16.6907702528
 30
108.875
 70
    32
  0
VERTEX
  8
CONTOUR108_875
 10
79.4912504727
 20
16.6907392937
 30
108.875
 70
    32
  0
VERTEX
  8
CONTOUR108_875
 10
79.4912532764
 20
16.6907080577
 30
108.875
 70
    32
  0
VERTEX
  8
CONTOUR108_875
 10
79.4912493716
 20
16.6906802528
 30
108.875
 70
    32
  0
VERTEX
  8
CONTOUR108_875
 10
79.4912444201
 20
16.6906424845
 30
108.875
 70
    32
  0
VERTEX
  8
CONTOUR108_875
 10
79.4912447396
 20
16.6906276617
 30
108.875
 70
    32
  0
VERTEX
  8
CONTOUR108_875
 10
79.4912373613
 20
16.6905902528
 30
108.875
 70
    32
  0
VERTEX
  8
CONTOUR108_875
 10
79.491230908
 20
16.6905532222
 30
108.875
 70
    32
  0
VERTEX
  8
CONTOUR108_875
 10
79.491229301
 20
16.6905354756
 30
108.875
 70
    32
  0
VERTEX
  8
CONTOUR108_875
 10
79.4912240588
 20
16.6905002528
 30
108.875
 70
    32
  0
VERTEX
  8
CONTOUR108_875
 10
79.4912142174
 20
16.6904819991
 30
108.875
 70
    32
  0
VERTEX
  8
CONTOUR108_875
 10
79.4911979919
 20
16.6904691408
 30
108.875
 70
    32
  0
VERTEX
  8
CONTOUR108_875
 10
79.4911730844
 20
16.6904382738
 30
108.875
 70
    32
  0
VERTEX
  8
CONTOUR108_875
 10
79.4911601129
 20
16.6904102528
 30
108.875
 70
    32
  0
VERTEX
  8
CONTOUR108_875
 10
79.4911505839
 20
16.6903735868
 30
108.875
 70
    32
  0
VERTEX
  8
CONTOUR108_875
 10
79.4911351054
 20
16.6903395055
 30
108.875
 70
    32
  0
VERTEX
  8
CONTOUR108_875
 10
79.4911280652
 20
16.6903202529
 30
108.875
 70
    32
  0
VERTEX
  8
CONTOUR108_875
 10
79.4911259304
 20
16.6903113221
 30
108.875
 70
    32
  0
VERTEX
  8
CONTOUR108_875
 10
79.4911179919
 20
16.6902966027
 30
108.875
 70
    32
  0
VERTEX
  8
CONTOUR108_875
 10
79.4910970187
 20
16.6902538477
 30
108.875
 70
    32
  0
VERTEX
  8
CONTOUR108_875
 10
79.4910690612
 20
16.6902302529
 30
108.875
 70
    32
  0
VERTEX
  8
CONTOUR108_875
 10
79.4910593334
 20
16.6902062437
 30
108.875
 70
    32
  0
VERTEX
  8
CONTOUR108_875
 10
79.4910451037
 20
16.6901482536
 30
108.875
 70
    32
  0
VERTEX
  8
CONTOUR108_875
 10
79.4910425746
 20
16.6901402529
 30
108.875
 70
    32
  0
VERTEX
  8
CONTOUR108_875
 10
79.4910405731
 20
16.690137349
 30
108.875
 70
    32
  0
VERTEX
  8
CONTOUR108_875
 10
79.4910379919
 20
16.6901353099
 30
108.875
 70
    32
  0
VERTEX
  8
CONTOUR108_875
 10
79.4910285259
 20
16.6901296037
 30
108.875
 70
    32
  0
VERTEX
  8
CONTOUR108_875
 10
79.4909818059
 20
16.6901134621
 30
108.875
 70
    32
  0
VERTEX
  8
CONTOUR108_875
 10
79.4909579919
 20
16.6900712141
 30
108.875
 70
    32
  0
SEQEND
  8
CONTOUR108_875
  0
POLYLINE
  8
CONTOUR109
 66
     1
 70
     8
 39
1.95400004304e-06
 40
1.95400004304e-06
 41
1.95400004304e-06
  0
VERTEX
  8
CONTOUR109
 10
79.4908995591
 20
16.6914902527
 30
109
 70
    32
 39
1.95400004304e-06
 40
1.95400004304e-06
 41
1.95400004304e-06
  0
VERTEX
  8
CONTOUR109
 10
79.4909185471
 20
16.6914458774
 30
109
 70
    32
 39
1.95400004304e-06
 40
1.95400004304e-06
 41
1.95400004304e-06
  0
VERTEX
  8
CONTOUR109
 10
79.4909186806
 20
16.6914444779
 30
109
 70
    32
 39
1.95400004304e-06
 40
1.95400004304e-06
 41
1.95400004304e-06
  0
VERTEX
  8
CONTOUR109
 10
79.4909299743
 20
16.6914002527
 30
109
 70
    32
 39
1.95400004304e-06
 40
1.95400004304e-06
 41
1.95400004304e-06
  0
SEQEND
  8
CONTOUR109
  0
TEXT
  8
CONTOUR109
 10
79.4908853631
 20
16.6913425743
 30
109
 40
3.90800014429e-05
  1
109
  0
POLYLINE
  8
CONTOUR109
 66
     1
 70
     8
 39
1.95400004304e-06
 40
1.95400004304e-06
 41
1.95400004304e-06
  0
VERTEX
  8
CONTOUR109
 10
79.4909579919
 20
16.6913239758
 30
109
 70
    32
 39
1.95400004304e-06
 40
1.95400004304e-06
 41
1.95400004304e-06
  0
VERTEX
  8
CONTOUR109
 10
79.4909579919
 20
16.6913239758
 30
109
 70
    32
 39
1.95400004304e-06
 40
1.95400004304e-06
 41
1.95400004304e-06
  0
VERTEX
  8
CONTOUR109
 10
79.4909637094
 20
16.691316685
 30
109
 70
    32
 39
1.95400004304e-06
 40
1.95400004304e-06
 41
1.95400004304e-06
  0
VERTEX
  8
CONTOUR109
 10
79.4909680018
 20
16.6913102527
 30
109
 70
    32
 39
1.95400004304e-06
 40
1.95400004304e-06
 41
1.95400004304e-06
  0
VERTEX
  8
CONTOUR109
 10
79.4909799378
 20
16.6912855636
 30
109
 70
    32
 39
1.95400004304e-06
 40
1.95400004304e-06
 41
1.95400004304e-06
  0
VERTEX
  8
CONTOUR109
 10
79.4909924002
 20
16.6912589621
 30
109
 70
    32
 39
1.95400004304e-06
 40
1.95400004304e-06
 41
1.95400004304e-06
  0
VERTEX
  8
CONTOUR109
 10
79.4910125488
 20
16.6912202527
 30
109
 70
    32
 39
1.95400004304e-06
 40
1.95400004304e-06
 41
1.95400004304e-06
  0
VERTEX
  8
CONTOUR109
 10
79.4910247953
 20
16.6912054065
 30
109
 70
    32
 39
1.95400004304e-06
 40
1.95400004304e-06
 41
1.95400004304e-06
  0
VERTEX
  8
CONTOUR109
 10
79.4910379919
 20
16.6911709996
 30
109
 70
    32
 39
1.95400004304e-06
 40
1.95400004304e-06
 41
1.95400004304e-06
  0
VERTEX
  8
CONTOUR109
 10
79.4910502796
 20
16.6911440764
 30
109
 70
    32
 39
1.95400004304e-06
 40
1.95400004304e-06
 41
1.95400004304e-06
  0
VERTEX
  8
CONTOUR109
 10
79.4910628686
 20
16.6911302527
 30
109
 70
    32
 39
1.95400004304e-06
 40
1.95400004304e-06
 41
1.95400004304e-06
  0
VERTEX
  8
CONTOUR109
 10
79.4910896256
 20
16.6910983407
 30
109
 70
    32
 39
1.95400004304e-06
 40
1.95400004304e-06
 41
1.95400004304e-06
  0
VERTEX
  8
CONTOUR109
 10
79.4911179919
 20
16.6910643576
 30
109
 70
    32
 39
1.95400004304e-06
 40
1.95400004304e-06
 41
1.95400004304e-06
  0
VERTEX
  8
CONTOUR109
 10
79.4911242375
 20
16.6910472791
 30
109
 70
    32
 39
1.95400004304e-06
 40
1.95400004304e-06
 41
1.95400004304e-06
  0
VERTEX
  8
CONTOUR109
 10
79.4911284996
 20
16.6910402528
 30
109
 70
    32
 39
1.95400004304e-06
 40
1.95400004304e-06
 41
1.95400004304e-06
  0
VERTEX
  8
CONTOUR109
 10
79.4911400046
 20
16.6910154884
 30
109
 70
    32
 39
1.95400004304e-06
 40
1.95400004304e-06
 41
1.95400004304e-06
  0
VERTEX
  8
CONTOUR109
 10
79.4911488135
 20
16.6909849271
 30
109
 70
    32
 39
1.95400004304e-06
 40
1.95400004304e-06
 41
1.95400004304e-06
  0
SEQEND
  8
CONTOUR109
  0
TEXT
  8
CONTOUR109
 10
79.4911118306
 20
16.6909447288
 30
109
 40
3.90800014429e-05
  1
109
  0
POLYLINE
  8
CONTOUR109
 66
     1
 70
     8
 39
1.95400004304e-06
 40
1.95400004304e-06
 41
1.95400004304e-06
  0
VERTEX
  8
CONTOUR109
 10
79.4911920877
 20
16.6909436106
 30
109
 70
    32
 39
1.95400004304e-06
 40
1.95400004304e-06
 41
1.95400004304e-06
  0
VERTEX
  8
CONTOUR109
 10
79.4911920877
 20
16.6909436106
 30
109
 70
    32
 39
1.95400004304e-06
 40
1.95400004304e-06
 41
1.95400004304e-06
  0
VERTEX
  8
CONTOUR109
 10
79.4911979919
 20
16.6909308965
 30
109
 70
    32
 39
1.95400004304e-06
 40
1.95400004304e-06
 41
1.95400004304e-06
  0
VERTEX
  8
CONTOUR109
 10
79.4912076788
 20
16.6908711505
 30
109
 70
    32
 39
1.95400004304e-06
 40
1.95400004304e-06
 41
1.95400004304e-06
  0
VERTEX
  8
CONTOUR109
 10
79.4912103103
 20
16.6908602528
 30
109
 70
    32
 39
1.95400004304e-06
 40
1.95400004304e-06
 41
1.95400004304e-06
  0
VERTEX
  8
CONTOUR109
 10
79.4912127416
 20
16.6908436594
 30
109
 70
    32
 39
1.95400004304e-06
 40
1.95400004304e-06
 41
1.95400004304e-06
  0
VERTEX
  8
CONTOUR109
 10
79.4912191199
 20
16.6907940218
 30
109
 70
    32
 39
1.95400004304e-06
 40
1.95400004304e-06
 41
1.95400004304e-06
  0
VERTEX
  8
CONTOUR109
 10
79.4912227759
 20
16.6907702528
 30
109
 70
    32
 39
1.95400004304e-06
 40
1.95400004304e-06
 41
1.95400004304e-06
  0
VERTEX
  8
CONTOUR109
 10
79.4912205179
 20
16.690744911
 30
109
 70
    32
 39
1.95400004304e-06
 40
1.95400004304e-06
 41
1.95400004304e-06
  0
VERTEX
  8
CONTOUR109
 10
79.4912020042
 20
16.6906847666
 30
109
 70
    32
 39
1.95400004304e-06
 40
1.95400004304e-06
 41
1.95400004304e-06
  0
VERTEX
  8
CONTOUR109
 10
79.4912013703
 20
16.6906802528
 30
109
 70
    32
 39
1.95400004304e-06
 40
1.95400004304e-06
 41
1.95400004304e-06
  0
VERTEX
  8
CONTOUR109
 10
79.491200936
 20
16.6906769406
 30
109
 70
    32
 39
1.95400004304e-06
 40
1.95400004304e-06
 41
1.95400004304e-06
  0
VERTEX
  8
CONTOUR109
 10
79.4911979919
 20
16.6906681929
 30
109
 70
    32
 39
1.95400004304e-06
 40
1.95400004304e-06
 41
1.95400004304e-06
  0
VERTEX
  8
CONTOUR109
 10
79.4911745981
 20
16.6906165708
 30
109
 70
    32
 39
1.95400004304e-06
 40
1.95400004304e-06
 41
1.95400004304e-06
  0
VERTEX
  8
CONTOUR109
 10
79.4911535598
 20
16.6905902528
 30
109
 70
    32
 39
1.95400004304e-06
 40
1.95400004304e-06
 41
1.95400004304e-06
  0
VERTEX
  8
CONTOUR109
 10
79.4911523058
 20
16.6905516497
 30
109
 70
    32
 39
1.95400004304e-06
 40
1.95400004304e-06
 41
1.95400004304e-06
  0
VERTEX
  8
CONTOUR109
 10
79.4911530369
 20
16.6905396784
 30
109
 70
    32
 39
1.95400004304e-06
 40
1.95400004304e-06
 41
1.95400004304e-06
  0
SEQEND
  8
CONTOUR109
  0
TEXT
  8
CONTOUR109
 10
79.4910938945
 20
16.6905004256
 30
109
 40
3.90800014429e-05
  1
109
  0
POLYLINE
  8
CONTOUR109
 66
     1
 70
     8
 39
1.95400004304e-06
 40
1.95400004304e-06
 41
1.95400004304e-06
  0
VERTEX
  8
CONTOUR109
 10
79.4911519921
 20
16.6905002528
 30
109
 70
    32
 39
1.95400004304e-06
 40
1.95400004304e-06
 41
1.95400004304e-06
  0
VERTEX
  8
CONTOUR109
 10
79.4911519921
 20
16.6905002528
 30
109
 70
    32
 39
1.95400004304e-06
 40
1.95400004304e-06
 41
1.95400004304e-06
  0
VERTEX
  8
CONTOUR109
 10
79.4911361125
 20
16.6904798671
 30
109
 70
    32
 39
1.95400004304e-06
 40
1.95400004304e-06
 41
1.95400004304e-06
  0
VERTEX
  8
CONTOUR109
 10
79.4911179919
 20
16.6904287546
 30
109
 70
    32
 39
1.95400004304e-06
 40
1.95400004304e-06
 41
1.95400004304e-06
  0
VERTEX
  8
CONTOUR109
 10
79.4911132342
 20
16.6904156053
 30
109
 70
    32
 39
1.95400004304e-06
 40
1.95400004304e-06
 41
1.95400004304e-06
  0
VERTEX
  8
CONTOUR109
 10
79.4911117594
 20
16.6904102528
 30
109
 70
    32
 39
1.95400004304e-06
 40
1.95400004304e-06
 41
1.95400004304e-06
  0
VERTEX
  8
CONTOUR109
 10
79.4911047306
 20
16.690395334
 30
109
 70
    32
 39
1.95400004304e-06
 40
1.95400004304e-06
 41
1.95400004304e-06
  0
VERTEX
  8
CONTOUR109
 10
79.4910863041
 20
16.6903559016
 30
109
 70
    32
 39
1.95400004304e-06
 40
1.95400004304e-06
 41
1.95400004304e-06
  0
VERTEX
  8
CONTOUR109
 10
79.4910691977
 20
16.6903202529
 30
109
 70
    32
 39
1.95400004304e-06
 40
1.95400004304e-06
 41
1.95400004304e-06
  0
VERTEX
  8
CONTOUR109
 10
79.4910567423
 20
16.6902991586
 30
109
 70
    32
 39
1.95400004304e-06
 40
1.95400004304e-06
 41
1.95400004304e-06
  0
VERTEX
  8
CONTOUR109
 10
79.4910379919
 20
16.6902818897
 30
109
 70
    32
 39
1.95400004304e-06
 40
1.95400004304e-06
 41
1.95400004304e-06
  0
VERTEX
  8
CONTOUR109
 10
79.4910134125
 20
16.6902579047
 30
109
 70
    32
 39
1.95400004304e-06
 40
1.95400004304e-06
 41
1.95400004304e-06
  0
VERTEX
  8
CONTOUR109
 10
79.4909813594
 20
16.6902302529
 30
109
 70
    32
 39
1.95400004304e-06
 40
1.95400004304e-06
 41
1.95400004304e-06
  0
VERTEX
  8
CONTOUR109
 10
79.4909724233
 20
16.6902140175
 30
109
 70
    32
 39
1.95400004304e-06
 40
1.95400004304e-06
 41
1.95400004304e-06
  0
VERTEX
  8
CONTOUR109
 10
79.4909579919
 20
16.690204651
 30
109
 70
    32
 39
1.95400004304e-06
 40
1.95400004304e-06
 41
1.95400004304e-06
  0
VERTEX
  8
CONTOUR109
 10
79.4909190421
 20
16.6901864344
 30
109
 70
    32
 39
1.95400004304e-06
 40
1.95400004304e-06
 41
1.95400004304e-06
  0
VERTEX
  8
CONTOUR109
 10
79.4909175947
 20
16.6901856997
 30
109
 70
    32
 39
1.95400004304e-06
 40
1.95400004304e-06
 41
1.95400004304e-06
  0
VERTEX
  8
CONTOUR109
 10
79.4908779919
 20
16.6901692973
 30
109
 70
    32
 39
1.95400004304e-06
 40
1.95400004304e-06
 41
1.95400004304e-06
  0
SEQEND
  8
CONTOUR109
  0
POLYLINE
  8
CONTOUR109_125
 66
     1
 70
     8
  0
VERTEX
  8
CONTOUR109_125
 10
79.4908195936
 20
16.6914902527
 30
109.125
 70
    32
  0
VERTEX
  8
CONTOUR109_125
 10
79.4908560897
 20
16.6914656128
 30
109.125
 70
    32
  0
VERTEX
  8
CONTOUR109_125
 10
79.4908779919
 20
16.691456885
 30
109.125
 70
    32
  0
VERTEX
  8
CONTOUR109_125
 10
79.49089711
 20
16.6914217607
 30
109.125
 70
    32
  0
VERTEX
  8
CONTOUR109_125
 10
79.4909026025
 20
16.6914002527
 30
109.125
 70
    32
  0
VERTEX
  8
CONTOUR109_125
 10
79.4909163118
 20
16.6913571429
 30
109.125
 70
    32
  0
VERTEX
  8
CONTOUR109_125
 10
79.4909171265
 20
16.6913542791
 30
109.125
 70
    32
  0
VERTEX
  8
CONTOUR109_125
 10
79.4909328742
 20
16.6913102527
 30
109.125
 70
    32
  0
VERTEX
  8
CONTOUR109_125
 10
79.490935795
 20
16.6912852812
 30
109.125
 70
    32
  0
VERTEX
  8
CONTOUR109_125
 10
79.4909542384
 20
16.6912244754
 30
109.125
 70
    32
  0
VERTEX
  8
CONTOUR109_125
 10
79.4909549569
 20
16.6912202527
 30
109.125
 70
    32
  0
VERTEX
  8
CONTOUR109_125
 10
79.4909564318
 20
16.6912184976
 30
109.125
 70
    32
  0
VERTEX
  8
CONTOUR109_125
 10
79.4909579919
 20
16.6912167534
 30
109.125
 70
    32
  0
VERTEX
  8
CONTOUR109_125
 10
79.4909953808
 20
16.6911723152
 30
109.125
 70
    32
  0
VERTEX
  8
CONTOUR109_125
 10
79.4910158667
 20
16.6911302527
 30
109.125
 70
    32
  0
VERTEX
  8
CONTOUR109_125
 10
79.4910214952
 20
16.6911116939
 30
109.125
 70
    32
  0
VERTEX
  8
CONTOUR109_125
 10
79.4910379919
 20
16.6910775539
 30
109.125
 70
    32
  0
VERTEX
  8
CONTOUR109_125
 10
79.4910540873
 20
16.6910583601
 30
109.125
 70
    32
  0
VERTEX
  8
CONTOUR109_125
 10
79.4910692039
 20
16.6910402528
 30
109.125
 70
    32
  0
VERTEX
  8
CONTOUR109_125
 10
79.4910893891
 20
16.6910080746
 30
109.125
 70
    32
  0
VERTEX
  8
CONTOUR109_125
 10
79.491101404
 20
16.6909689142
 30
109.125
 70
    32
  0
VERTEX
  8
CONTOUR109_125
 10
79.4911090249
 20
16.6909502528
 30
109.125
 70
    32
  0
VERTEX
  8
CONTOUR109_125
 10
79.4911123302
 20
16.6909438834
 30
109.125
 70
    32
  0
VERTEX
  8
CONTOUR109_125
 10
79.4911179919
 20
16.6909271504
 30
109.125
 70
    32
  0
VERTEX
  8
CONTOUR109_125
 10
79.4911435254
 20
16.690888978
 30
109.125
 70
    32
  0
VERTEX
  8
CONTOUR109_125
 10
79.4911581229
 20
16.6908602528
 30
109.125
 70
    32
  0
VERTEX
  8
CONTOUR109_125
 10
79.491170188
 20
16.6908289734
 30
109.125
 70
    32
  0
VERTEX
  8
CONTOUR109_125
 10
79.4911810095
 20
16.690789358
 30
109.125
 70
    32
  0
VERTEX
  8
CONTOUR109_125
 10
79.4911871828
 20
16.6907702528
 30
109.125
 70
    32
  0
VERTEX
  8
CONTOUR109_125
 10
79.491171693
 20
16.6907406665
 30
109.125
 70
    32
  0
VERTEX
  8
CONTOUR109_125
 10
79.4911617719
 20
16.6907210004
 30
109.125
 70
    32
  0
VERTEX
  8
CONTOUR109_125
 10
79.4911380895
 20
16.6906802528
 30
109.125
 70
    32
  0
VERTEX
  8
CONTOUR109_125
 10
79.4911306063
 20
16.6906660617
 30
109.125
 70
    32
  0
VERTEX
  8
CONTOUR109_125
 10
79.4911179919
 20
16.6906506358
 30
109.125
 70
    32
  0
VERTEX
  8
CONTOUR109_125
 10
79.4910982703
 20
16.6906124397
 30
109.125
 70
    32
  0
VERTEX
  8
CONTOUR109_125
 10
79.4910917536
 20
16.6905902528
 30
109.125
 70
    32
  0
VERTEX
  8
CONTOUR109_125
 10
79.4910870287
 20
16.6905554193
 30
109.125
 70
    32
  0
VERTEX
  8
CONTOUR109_125
 10
79.4910877745
 20
16.6905342474
 30
109.125
 70
    32
  0
VERTEX
  8
CONTOUR109_125
 10
79.4910804581
 20
16.6905002528
 30
109.125
 70
    32
  0
VERTEX
  8
CONTOUR109_125
 10
79.4910692264
 20
16.690465114
 30
109.125
 70
    32
  0
VERTEX
  8
CONTOUR109_125
 10
79.4910631042
 20
16.6904385042
 30
109.125
 70
    32
  0
VERTEX
  8
CONTOUR109_125
 10
79.4910553202
 20
16.6904102528
 30
109.125
 70
    32
  0
VERTEX
  8
CONTOUR109_125
 10
79.4910493174
 20
16.6903975117
 30
109.125
 70
    32
  0
VERTEX
  8
CONTOUR109_125
 10
79.4910379919
 20
16.6903740933
 30
109.125
 70
    32
  0
VERTEX
  8
CONTOUR109_125
 10
79.4910138312
 20
16.6903474336
 30
109.125
 70
    32
  0
VERTEX
  8
CONTOUR109_125
 10
79.4910069227
 20
16.6903202529
 30
109.125
 70
    32
  0
VERTEX
  8
CONTOUR109_125
 10
79.4909808198
 20
16.6902945715
 30
109.125
 70
    32
  0
VERTEX
  8
CONTOUR109_125
 10
79.4909579919
 20
16.6902745722
 30
109.125
 70
    32
  0
VERTEX
  8
CONTOUR109_125
 10
79.4909223864
 20
16.6902703091
 30
109.125
 70
    32
  0
VERTEX
  8
CONTOUR109_125
 10
79.4909054813
 20
16.6902611785
 30
109.125
 70
    32
  0
VERTEX
  8
CONTOUR109_125
 10
79.4908779919
 20
16.6902545304
 30
109.125
 70
    32
  0
SEQEND
  8
CONTOUR109_125
  0
POLYLINE
  8
CONTOUR109_25
 66
     1
 70
     8
  0
VERTEX
  8
CONTOUR109_25
 10
79.4907979919
 20
16.6914171353
 30
109.25
 70
    32
  0
VERTEX
  8
CONTOUR109_25
 10
79.4908079209
 20
16.6914114229
 30
109.25
 70
    32
  0
VERTEX
  8
CONTOUR109_25
 10
79.490849826
 20
16.6914002527
 30
109.25
 70
    32
  0
VERTEX
  8
CONTOUR109_25
 10
79.490870928
 20
16.6913923059
 30
109.25
 70
    32
  0
VERTEX
  8
CONTOUR109_25
 10
79.4908779919
 20
16.6913899764
 30
109.25
 70
    32
  0
VERTEX
  8
CONTOUR109_25
 10
79.4908951731
 20
16.6913295816
 30
109.25
 70
    32
  0
VERTEX
  8
CONTOUR109_25
 10
79.4909020868
 20
16.6913102527
 30
109.25
 70
    32
  0
VERTEX
  8
CONTOUR109_25
 10
79.4909057378
 20
16.6912790386
 30
109.25
 70
    32
  0
VERTEX
  8
CONTOUR109_25
 10
79.4909049979
 20
16.6912506345
 30
109.25
 70
    32
  0
VERTEX
  8
CONTOUR109_25
 10
79.4909101676
 20
16.6912202527
 30
109.25
 70
    32
  0
VERTEX
  8
CONTOUR109_25
 10
79.4909334078
 20
16.6911925956
 30
109.25
 70
    32
  0
VERTEX
  8
CONTOUR109_25
 10
79.4909579919
 20
16.69116511
 30
109.25
 70
    32
  0
VERTEX
  8
CONTOUR109_25
 10
79.4909730585
 20
16.6911472027
 30
109.25
 70
    32
  0
VERTEX
  8
CONTOUR109_25
 10
79.4909813138
 20
16.6911302527
 30
109.25
 70
    32
  0
VERTEX
  8
CONTOUR109_25
 10
79.4909933917
 20
16.691090428
 30
109.25
 70
    32
  0
VERTEX
  8
CONTOUR109_25
 10
79.4909951829
 20
16.6910820926
 30
109.25
 70
    32
  0
VERTEX
  8
CONTOUR109_25
 10
79.4910123831
 20
16.6910402528
 30
109.25
 70
    32
  0
VERTEX
  8
CONTOUR109_25
 10
79.4910224825
 20
16.6910228047
 30
109.25
 70
    32
  0
VERTEX
  8
CONTOUR109_25
 10
79.4910379919
 20
16.6909967507
 30
109.25
 70
    32
  0
VERTEX
  8
CONTOUR109_25
 10
79.4910559447
 20
16.6909704497
 30
109.25
 70
    32
  0
VERTEX
  8
CONTOUR109_25
 10
79.4910641927
 20
16.6909502528
 30
109.25
 70
    32
  0
VERTEX
  8
CONTOUR109_25
 10
79.4910840237
 20
16.6909120386
 30
109.25
 70
    32
  0
VERTEX
  8
CONTOUR109_25
 10
79.4910914379
 20
16.6908901261
 30
109.25
 70
    32
  0
VERTEX
  8
CONTOUR109_25
 10
79.4911034153
 20
16.6908602528
 30
109.25
 70
    32
  0
VERTEX
  8
CONTOUR109_25
 10
79.4911022529
 20
16.6908425464
 30
109.25
 70
    32
  0
VERTEX
  8
CONTOUR109_25
 10
79.4911179919
 20
16.6907984519
 30
109.25
 70
    32
  0
VERTEX
  8
CONTOUR109_25
 10
79.4911261661
 20
16.6907794488
 30
109.25
 70
    32
  0
VERTEX
  8
CONTOUR109_25
 10
79.4911291376
 20
16.6907702528
 30
109.25
 70
    32
  0
VERTEX
  8
CONTOUR109_25
 10
79.4911250062
 20
16.6907623617
 30
109.25
 70
    32
  0
VERTEX
  8
CONTOUR109_25
 10
79.4911179919
 20
16.6907506175
 30
109.25
 70
    32
  0
VERTEX
  8
CONTOUR109_25
 10
79.4910892275
 20
16.6907126128
 30
109.25
 70
    32
  0
VERTEX
  8
CONTOUR109_25
 10
79.4910764311
 20
16.6906802528
 30
109.25
 70
    32
  0
VERTEX
  8
CONTOUR109_25
 10
79.4910639001
 20
16.6906511061
 30
109.25
 70
    32
  0
VERTEX
  8
CONTOUR109_25
 10
79.4910566594
 20
16.6906112538
 30
109.25
 70
    32
  0
VERTEX
  8
CONTOUR109_25
 10
79.491050491
 20
16.6905902528
 30
109.25
 70
    32
  0
VERTEX
  8
CONTOUR109_25
 10
79.4910488362
 20
16.690578053
 30
109.25
 70
    32
  0
VERTEX
  8
CONTOUR109_25
 10
79.4910379919
 20
16.6905485875
 30
109.25
 70
    32
  0
VERTEX
  8
CONTOUR109_25
 10
79.4910195543
 20
16.6905209952
 30
109.25
 70
    32
  0
VERTEX
  8
CONTOUR109_25
 10
79.4909653543
 20
16.6905002528
 30
109.25
 70
    32
  0
VERTEX
  8
CONTOUR109_25
 10
79.4909617356
 20
16.6904960412
 30
109.25
 70
    32
  0
VERTEX
  8
CONTOUR109_25
 10
79.4909579919
 20
16.6904923699
 30
109.25
 70
    32
  0
VERTEX
  8
CONTOUR109_25
 10
79.4909358925
 20
16.690475391
 30
109.25
 70
    32
  0
VERTEX
  8
CONTOUR109_25
 10
79.4909152232
 20
16.6904583676
 30
109.25
 70
    32
  0
VERTEX
  8
CONTOUR109_25
 10
79.4908779919
 20
16.6904374432
 30
109.25
 70
    32
  0
SEQEND
  8
CONTOUR109_25
  0
POLYLINE
  8
CONTOUR109_25
 66
     1
 70
     8
  0
VERTEX
  8
CONTOUR109_25
 10
79.4908453053
 20
16.6904102528
 30
109.25
 70
    32
  0
VERTEX
  8
CONTOUR109_25
 10
79.4908155387
 20
16.6903905126
 30
109.25
 70
    32
  0
VERTEX
  8
CONTOUR109_25
 10
79.4907979919
 20
16.6903899074
 30
109.25
 70
    32
  0
SEQEND
  8
CONTOUR109_25
  0
POLYLINE
  8
CONTOUR109_375
 66
     1
 70
     8
  0
VERTEX
  8
CONTOUR109_375
 10
79.4907979919
 20
16.6913117795
 30
109.375
 70
    32
  0
VERTEX
  8
CONTOUR109_375
 10
79.4907990258
 20
16.6913114159
 30
109.375
 70
    32
  0
VERTEX
  8
CONTOUR109_375
 10
79.4908028498
 20
16.6913102527
 30
109.375
 70
    32
  0
VERTEX
  8
CONTOUR109_375
 10
79.4908203259
 20
16.6912851269
 30
109.375
 70
    32
  0
VERTEX
  8
CONTOUR109_375
 10
79.4908370073
 20
16.6912641451
 30
109.375
 70
    32
  0
VERTEX
  8
CONTOUR109_375
 10
79.4908467916
 20
16.6912202527
 30
109.375
 70
    32
  0
VERTEX
  8
CONTOUR109_375
 10
79.490866918
 20
16.6912077946
 30
109.375
 70
    32
  0
VERTEX
  8
CONTOUR109_375
 10
79.4908779919
 20
16.6912047437
 30
109.375
 70
    32
  0
VERTEX
  8
CONTOUR109_375
 10
79.4909101386
 20
16.6911664178
 30
109.375
 70
    32
  0
VERTEX
  8
CONTOUR109_375
 10
79.4909424925
 20
16.6911302527
 30
109.375
 70
    32
  0
VERTEX
  8
CONTOUR109_375
 10
79.4909449085
 20
16.691115534
 30
109.375
 70
    32
  0
VERTEX
  8
CONTOUR109_375
 10
79.4909579919
 20
16.691070101
 30
109.375
 70
    32
  0
VERTEX
  8
CONTOUR109_375
 10
79.4909631573
 20
16.6910460638
 30
109.375
 70
    32
  0
VERTEX
  8
CONTOUR109_375
 10
79.4909655462
 20
16.6910402528
 30
109.375
 70
    32
  0
VERTEX
  8
CONTOUR109_375
 10
79.4909796486
 20
16.6910158889
 30
109.375
 70
    32
  0
VERTEX
  8
CONTOUR109_375
 10
79.4909940641
 20
16.690990834
 30
109.375
 70
    32
  0
VERTEX
  8
CONTOUR109_375
 10
79.4910180862
 20
16.6909502528
 30
109.375
 70
    32
  0
VERTEX
  8
CONTOUR109_375
 10
79.4910252149
 20
16.6909358786
 30
109.375
 70
    32
  0
VERTEX
  8
CONTOUR109_375
 10
79.4910379919
 20
16.6909215775
 30
109.375
 70
    32
  0
VERTEX
  8
CONTOUR109_375
 10
79.4910592074
 20
16.6908841202
 30
109.375
 70
    32
  0
VERTEX
  8
CONTOUR109_375
 10
79.4910687769
 20
16.6908602528
 30
109.375
 70
    32
  0
VERTEX
  8
CONTOUR109_375
 10
79.4910666597
 20
16.6908280015
 30
109.375
 70
    32
  0
VERTEX
  8
CONTOUR109_375
 10
79.4910379919
 20
16.6907764051
 30
109.375
 70
    32
  0
VERTEX
  8
CONTOUR109_375
 10
79.4910352852
 20
16.6907732978
 30
109.375
 70
    32
  0
VERTEX
  8
CONTOUR109_375
 10
79.4910328856
 20
16.6907702528
 30
109.375
 70
    32
  0
VERTEX
  8
CONTOUR109_375
 10
79.4910325564
 20
16.6907641379
 30
109.375
 70
    32
  0
VERTEX
  8
CONTOUR109_375
 10
79.4910193054
 20
16.6907012751
 30
109.375
 70
    32
  0
VERTEX
  8
CONTOUR109_375
 10
79.4910185318
 20
16.6906802528
 30
109.375
 70
    32
  0
VERTEX
  8
CONTOUR109_375
 10
79.4910113251
 20
16.6906502527
 30
109.375
 70
    32
  0
VERTEX
  8
CONTOUR109_375
 10
79.4910062655
 20
16.690625945
 30
109.375
 70
    32
  0
VERTEX
  8
CONTOUR109_375
 10
79.4909967994
 20
16.6905902528
 30
109.375
 70
    32
  0
VERTEX
  8
CONTOUR109_375
 10
79.4909790785
 20
16.6905665303
 30
109.375
 70
    32
  0
VERTEX
  8
CONTOUR109_375
 10
79.4909579919
 20
16.6905537931
 30
109.375
 70
    32
  0
VERTEX
  8
CONTOUR109_375
 10
79.490919538
 20
16.6905469922
 30
109.375
 70
    32
  0
VERTEX
  8
CONTOUR109_375
 10
79.4909167352
 20
16.6905466666
 30
109.375
 70
    32
  0
VERTEX
  8
CONTOUR109_375
 10
79.4908779919
 20
16.6905388774
 30
109.375
 70
    32
  0
SEQEND
  8
CONTOUR109_375
  0
POLYLINE
  8
CONTOUR109_5
 66
     1
 70
     8
  0
VERTEX
  8
CONTOUR109_5
 10
79.4907979919
 20
16.691169412
 30
109.5
 70
    32
  0
VERTEX
  8
CONTOUR109_5
 10
79.4908227833
 20
16.6911581431
 30
109.5
 70
    32
  0
VERTEX
  8
CONTOUR109_5
 10
79.490855131
 20
16.6911559712
 30
109.5
 70
    32
  0
VERTEX
  8
CONTOUR109_5
 10
79.4908779919
 20
16.691149673
 30
109.5
 70
    32
  0
VERTEX
  8
CONTOUR109_5
 10
79.4908863727
 20
16.6911396812
 30
109.5
 70
    32
  0
VERTEX
  8
CONTOUR109_5
 10
79.4908948076
 20
16.6911302527
 30
109.5
 70
    32
  0
VERTEX
  8
CONTOUR109_5
 10
79.4908986162
 20
16.6911070504
 30
109.5
 70
    32
  0
VERTEX
  8
CONTOUR109_5
 10
79.4909017768
 20
16.6910670108
 30
109.5
 70
    32
  0
VERTEX
  8
CONTOUR109_5
 10
79.4909073398
 20
16.6910402528
 30
109.5
 70
    32
  0
VERTEX
  8
CONTOUR109_5
 10
79.4909322286
 20
16.6910112691
 30
109.5
 70
    32
  0
VERTEX
  8
CONTOUR109_5
 10
79.4909579919
 20
16.6909712121
 30
109.5
 70
    32
  0
VERTEX
  8
CONTOUR109_5
 10
79.4909653125
 20
16.6909584885
 30
109.5
 70
    32
  0
VERTEX
  8
CONTOUR109_5
 10
79.4909701876
 20
16.6909502528
 30
109.5
 70
    32
  0
VERTEX
  8
CONTOUR109_5
 10
79.49098558
 20
16.6909192161
 30
109.5
 70
    32
  0
VERTEX
  8
CONTOUR109_5
 10
79.4909930573
 20
16.6908997014
 30
109.5
 70
    32
  0
VERTEX
  8
CONTOUR109_5
 10
79.4910283735
 20
16.6908602528
 30
109.5
 70
    32
  0
VERTEX
  8
CONTOUR109_5
 10
79.4909935575
 20
16.6908202415
 30
109.5
 70
    32
  0
VERTEX
  8
CONTOUR109_5
 10
79.4909579919
 20
16.6907748213
 30
109.5
 70
    32
  0
VERTEX
  8
CONTOUR109_5
 10
79.4909551639
 20
16.6907734342
 30
109.5
 70
    32
  0
VERTEX
  8
CONTOUR109_5
 10
79.4909524044
 20
16.6907702528
 30
109.5
 70
    32
  0
VERTEX
  8
CONTOUR109_5
 10
79.4909512379
 20
16.6907626546
 30
109.5
 70
    32
  0
VERTEX
  8
CONTOUR109_5
 10
79.4909579919
 20
16.6907478153
 30
109.5
 70
    32
  0
VERTEX
  8
CONTOUR109_5
 10
79.4909653105
 20
16.6906884862
 30
109.5
 70
    32
  0
VERTEX
  8
CONTOUR109_5
 10
79.4909650075
 20
16.6906802528
 30
109.5
 70
    32
  0
VERTEX
  8
CONTOUR109_5
 10
79.4909635149
 20
16.6906740394
 30
109.5
 70
    32
  0
VERTEX
  8
CONTOUR109_5
 10
79.4909579919
 20
16.6906553839
 30
109.5
 70
    32
  0
VERTEX
  8
CONTOUR109_5
 10
79.4909293639
 20
16.6906480463
 30
109.5
 70
    32
  0
VERTEX
  8
CONTOUR109_5
 10
79.4909093822
 20
16.6906449387
 30
109.5
 70
    32
  0
VERTEX
  8
CONTOUR109_5
 10
79.4908779919
 20
16.6906347827
 30
109.5
 70
    32
  0
VERTEX
  8
CONTOUR109_5
 10
79.4908453946
 20
16.6906435809
 30
109.5
 70
    32
  0
VERTEX
  8
CONTOUR109_5
 10
79.4908333183
 20
16.6906405106
 30
109.5
 70
    32
  0
VERTEX
  8
CONTOUR109_5
 10
79.4907979919
 20
16.6906448365
 30
109.5
 70
    32
  0
SEQEND
  8
CONTOUR109_5
  0
POLYLINE
  8
CONTOUR109_625
 66
     1
 70
     8
  0
VERTEX
  8
CONTOUR109_625
 10
79.4907979919
 20
16.6910535057
 30
109.625
 70
    32
  0
VERTEX
  8
CONTOUR109_625
 10
79.490805755
 20
16.6910489862
 30
109.625
 70
    32
  0
VERTEX
  8
CONTOUR109_625
 10
79.4908108302
 20
16.6910402528
 30
109.625
 70
    32
  0
VERTEX
  8
CONTOUR109_625
 10
79.4908522744
 20
16.6910113206
 30
109.625
 70
    32
  0
VERTEX
  8
CONTOUR109_625
 10
79.4908779919
 20
16.6910086961
 30
109.625
 70
    32
  0
VERTEX
  8
CONTOUR109_625
 10
79.4909035744
 20
16.6909790331
 30
109.625
 70
    32
  0
VERTEX
  8
CONTOUR109_625
 10
79.4909228615
 20
16.6909502528
 30
109.625
 70
    32
  0
VERTEX
  8
CONTOUR109_625
 10
79.4909175674
 20
16.6909057304
 30
109.625
 70
    32
  0
VERTEX
  8
CONTOUR109_625
 10
79.4908779919
 20
16.6908657143
 30
109.625
 70
    32
  0
VERTEX
  8
CONTOUR109_625
 10
79.4908734303
 20
16.6908653846
 30
109.625
 70
    32
  0
VERTEX
  8
CONTOUR109_625
 10
79.4908676667
 20
16.6908602528
 30
109.625
 70
    32
  0
SEQEND
  8
CONTOUR109_625
  0
ENDSEC
  0
EOF
